"source","target","rank","weight"
"ford","toyota-global",1,1
"ford","honda",2,1
"ford","chevrolet",3,1
"ford","nissan-global",4,1
"ford","hyundai",5,1
"ford","volkswagenag",6,1
"ford","volkswagenag",7,1
"ford","gm",8,1
"toyota-global","nissan-global",1,1
"toyota-global","honda",2,1
"toyota-global","volkswagenag",4,1
"toyota-global","gm",5,1
"toyota-global","hyundai",6,1
"toyota-global","bmwgroup",7,1
"toyota-global","tatamotors",8,1
"honda","toyota-global",1,1
"honda","nissan-global",2,1
"honda","volkswagenag",4,1
"honda","hyundai",5,1
"honda","gm",6,1
"honda","chrysler",7,1
"chevrolet","hyundai",1,1
"chevrolet","kia",3,1
"chevrolet","nissan-global",4,1
"chevrolet","toyota-global",5,1
"chevrolet","honda",6,1
"chevrolet","volkswagenag",7,1
"chevrolet","chrysler",8,1
"nissan-global","hyundai",1,1
"nissan-global","acura",2,1
"nissan-global","honda",3,1
"nissan-global","peugeot1",4,1
"nissan-global","toyotapr",5,1
"nissan-global","volkswagenag",6,1
"nissan-global","saicgroup",7,1
"nissan-global","toyota-global",8,1
"hyundai","nissan-global",1,1
"hyundai","mercedes-benz",2,1
"hyundai","mazda",3,1
"hyundai","honda",4,1
"hyundai","volkswagenag",5,1
"hyundai","audi",6,1
"hyundai","toyota-global",7,1
"hyundai","gm",8,1
"volkswagenag","toyota-global",1,1
"volkswagenag","gm",2,1
"volkswagenag","honda",3,1
"volkswagenag","nissan-global",4,1
"volkswagenag","hyundai",6,1
"volkswagenag","tatamotors",7,1
"volkswagenag","dodge",8,1
"gm","toyota-global",2,1
"gm","volkswagenag",3,1
"gm","honda",4,1
"gm","dodge",5,1
"gm","hyundai",6,1
"gm","chrysler",7,1
"gm","audi",8,1
"bmwgroup","audi",1,1
"bmwgroup","toyota-global",2,1
"bmwgroup","volkswagenag",3,1
"bmwgroup","honda",4,1
"bmwgroup","mercedes-benz",5,1
"bmwgroup","nissan-global",6,1
"bmwgroup","lexus",7,1
"bmwgroup","gm",8,1
"tatamotors","nissan-global",1,1
"tatamotors","honda",2,1
"tatamotors","toyota-global",4,1
"tatamotors","ashokleyland",5,1
"tatamotors","hyundai",6,1
"tatamotors","marutisuzuki",7,1
"tatamotors","volkswagenag",8,1
"chrysler","honda",1,1
"chrysler","toyota-global",3,1
"chrysler","nissan-global",4,1
"chrysler","gm",5,1
"chrysler","volkswagenag",6,1
"chrysler","hyundai",7,1
"chrysler","toyotapr",8,1
"kia","hyundai",1,1
"kia","honda",2,1
"kia","nissan-global",4,1
"kia","toyota-global",5,1
"kia","chevrolet",6,1
"kia","volkswagenag",7,1
"acura","lexus",1,1
"acura","nissan-global",2,1
"acura","audi",3,1
"acura","mercedes-benz",4,1
"acura","bmwgroup",5,1
"acura","porsche",6,1
"acura","hyundai",7,1
"acura","volkswagenag",8,1
"peugeot1","honda",1,1
"peugeot1","toyota-global",2,1
"peugeot1","nissan-global",3,1
"peugeot1","volkswagenag",5,1
"peugeot1","gm",6,1
"peugeot1","hyundai",7,1
"toyotapr","nissan-global",1,1
"toyotapr","honda",3,1
"toyotapr","toyota-global",4,1
"toyotapr","volkswagenag",5,1
"toyotapr","hyundai",6,1
"toyotapr","chrysler",7,1
"saicgroup","nissan-global",1,1
"saicgroup","hyundai",2,1
"saicgroup","honda",3,1
"saicgroup","toyota-global",4,1
"saicgroup","volkswagenag",5,1
"saicgroup","mazda",7,1
"mercedes-benz","audi",1,1
"mercedes-benz","lexus",2,1
"mercedes-benz","volkswagenag",3,1
"mercedes-benz","bmwgroup",4,1
"mercedes-benz","porsche",5,1
"mercedes-benz","toyota-global",6,1
"mercedes-benz","gm",7,1
"mazda","nissan-global",1,1
"mazda","hyundai",2,1
"mazda","honda",3,1
"mazda","mercedes-benz",4,1
"mazda","acura",5,1
"mazda","volkswagenag",6,1
"mazda","peugeot1",7,1
"mazda","toyotapr",8,1
"audi","bmwgroup",1,1
"audi","lexus",2,1
"audi","mercedes-benz",3,1
"audi","porsche",4,1
"audi","infiniti",5,1
"audi","maserati",6,1
"audi","toyota-global",7,1
"audi","acura",8,1
"dodge","gm",1,1
"dodge","volkswagenag",2,1
"dodge","audi",3,1
"dodge","toyota-global",4,1
"dodge","honda",5,1
"dodge","nissan-global",7,1
"dodge","hyundai",8,1
"lexus","audi",1,1
"lexus","mercedes-benz",2,1
"lexus","bmwgroup",3,1
"lexus","porsche",4,1
"lexus","volvocars",5,1
"lexus","jaguarlandrover",6,1
"lexus","acura",7,1
"lexus","volkswagenag",8,1
"ashokleyland","tatamotors",1,1
"ashokleyland","bharatbenz",2,1
"ashokleyland","eicher",3,1
"ashokleyland","mahindratruckandbus",4,1
"ashokleyland","honda",5,1
"ashokleyland","nissan-global",6,1
"ashokleyland","marutisuzuki",8,1
"marutisuzuki","tatamotors",1,1
"marutisuzuki","honda",2,1
"marutisuzuki","hyundai",3,1
"marutisuzuki","nissan-global",4,1
"marutisuzuki","toyota-global",6,1
"marutisuzuki","volkswagenag",7,1
"porsche","bmwgroup",1,1
"porsche","lexus",2,1
"porsche","tesla",3,1
"porsche","astonmartinlagondalimited",4,1
"porsche","ferrari",5,1
"porsche","audi",6,1
"porsche","jaguar",7,1
"porsche","mercedes-benz",8,1
"infiniti","audi",1,1
"infiniti","acura",2,1
"infiniti","lexus",3,1
"infiniti","mercedes-benz",4,1
"infiniti","bmwgroup",5,1
"infiniti","porsche",6,1
"infiniti","maserati",7,1
"infiniti","volvocars",8,1
"maserati","audi",1,1
"maserati","astonmartinlagondalimited",2,1
"maserati","bmwgroup",3,1
"maserati","lexus",4,1
"maserati","mercedes-benz",5,1
"maserati","porsche",6,1
"maserati","volkswagenag",7,1
"maserati","ferrari",8,1
"volvocars","audi",1,1
"volvocars","lexus",2,1
"volvocars","bmwgroup",3,1
"volvocars","mercedes-benz",4,1
"volvocars","porsche",5,1
"volvocars","volkswagenag",6,1
"volvocars","toyota-global",7,1
"volvocars","maserati",8,1
"jaguarlandrover","audi",1,1
"jaguarlandrover","mercedes-benz",2,1
"jaguarlandrover","lexus",3,1
"jaguarlandrover","bmwgroup",4,1
"jaguarlandrover","porsche",5,1
"jaguarlandrover","volkswagenag",6,1
"jaguarlandrover","toyota-global",7,1
"jaguarlandrover","maserati",8,1
"bharatbenz","ashokleyland",1,1
"bharatbenz","eicher",2,1
"bharatbenz","tatamotors",3,1
"bharatbenz","mahindratruckandbus",4,1
"bharatbenz","honda",5,1
"bharatbenz","nissan-global",6,1
"bharatbenz","ford",7,1
"eicher","ashokleyland",1,1
"eicher","bharatbenz",2,1
"eicher","tatamotors",3,1
"eicher","mahindratruckandbus",4,1
"eicher","honda",5,1
"eicher","nissan-global",6,1
"eicher","marutisuzuki",8,1
"mahindratruckandbus","ashokleyland",1,1
"mahindratruckandbus","bharatbenz",2,1
"mahindratruckandbus","eicher",3,1
"mahindratruckandbus","tatamotors",4,1
"mahindratruckandbus","honda",5,1
"mahindratruckandbus","nissan-global",6,1
"tesla","toyota-global",1,1
"tesla","bmwgroup",2,1
"tesla","audi",3,1
"tesla","gm",4,1
"tesla","porsche",5,1
"tesla","volkswagenag",6,1
"tesla","honda",8,1
"astonmartinlagondalimited","ferrari",1,1
"astonmartinlagondalimited","lamborghini",2,1
"astonmartinlagondalimited","maserati",3,1
"astonmartinlagondalimited","mclaren",4,1
"astonmartinlagondalimited","rolls-roycemotorcars",5,1
"astonmartinlagondalimited","audi",6,1
"astonmartinlagondalimited","bentleymotors",7,1
"astonmartinlagondalimited","bmwgroup",8,1
"ferrari","astonmartinlagondalimited",1,1
"ferrari","lamborghini",2,1
"ferrari","mclaren",3,1
"ferrari","maserati",4,1
"ferrari","rolls-roycemotorcars",5,1
"ferrari","supercarsgarage",6,1
"ferrari","bentleymotors",7,1
"ferrari","audi",8,1
"jaguar","porsche",1,1
"jaguar","bentleymotors",2,1
"jaguar","bmwgroup",3,1
"jaguar","lexus",4,1
"jaguar","audi",5,1
"jaguar","toyota-global",6,1
"jaguar","astonmartinlagondalimited",7,1
"jaguar","mercedes-benz",8,1
"lamborghini","ferrari",1,1
"lamborghini","astonmartinlagondalimited",2,1
"lamborghini","rolls-roycemotorcars",3,1
"lamborghini","supercarsgarage",4,1
"lamborghini","mclaren",5,1
"lamborghini","maserati",6,1
"lamborghini","bentleymotors",7,1
"lamborghini","lotuscars",8,1
"mclaren","ferrari",1,1
"mclaren","astonmartinlagondalimited",2,1
"mclaren","lamborghini",3,1
"mclaren","maserati",4,1
"mclaren","rolls-roycemotorcars",5,1
"mclaren","bugatti",6,1
"mclaren","bentleymotors",7,1
"mclaren","lotuscars",8,1
"rolls-roycemotorcars","bentleymotors",1,1
"rolls-roycemotorcars","ferrari",2,1
"rolls-roycemotorcars","astonmartinlagondalimited",3,1
"rolls-roycemotorcars","bugatti",4,1
"rolls-roycemotorcars","lamborghini",5,1
"rolls-roycemotorcars","audi",6,1
"rolls-roycemotorcars","lexus",7,1
"rolls-roycemotorcars","maserati",8,1
"bentleymotors","rolls-roycemotorcars",1,1
"bentleymotors","astonmartinlagondalimited",2,1
"bentleymotors","ferrari",3,1
"bentleymotors","lamborghini",4,1
"bentleymotors","maserati",5,1
"bentleymotors","mclaren",6,1
"bentleymotors","audi",7,1
"bentleymotors","bugatti",8,1
"supercarsgarage","ferrari",1,1
"supercarsgarage","lamborghini",2,1
"supercarsgarage","astonmartinlagondalimited",3,1
"supercarsgarage","mclaren",4,1
"supercarsgarage","porsche",5,1
"supercarsgarage","bmwgroup",6,1
"supercarsgarage","tesla",7,1
"supercarsgarage","lexus",8,1
"lotuscars","ferrari",1,1
"lotuscars","astonmartinlagondalimited",2,1
"lotuscars","lamborghini",3,1
"lotuscars","mclaren",4,1
"lotuscars","rolls-roycemotorcars",5,1
"lotuscars","maserati",6,1
"lotuscars","supercarsgarage",7,1
"lotuscars","bentleymotors",8,1
"bugatti","rolls-roycemotorcars",1,1
"bugatti","astonmartinlagondalimited",2,1
"bugatti","lamborghini",3,1
"bugatti","koenigsegg",4,1
"bugatti","ferrari",5,1
"bugatti","maserati",6,1
"bugatti","mclaren",7,1
"bugatti","exxonmobil",8,1
"koenigsegg","pagani",1,1
"koenigsegg","arielmotor",2,1
"koenigsegg","caterhamcars",3,1
"koenigsegg","bugatti",4,1
"koenigsegg","ferrari",5,1
"koenigsegg","smmt",6,1
"koenigsegg","morgan-motor",7,1
"pagani","koenigsegg",1,1
"pagani","ferrari",2,1
"pagani","bugatti",3,1
"pagani","astonmartinlagondalimited",4,1
"pagani","lamborghini",5,1
"pagani","mclaren",6,1
"pagani","rolls-roycemotorcars",7,1
"pagani","maserati",8,1
"arielmotor","smmt",1,1
"arielmotor","morgan-motor",2,1
"arielmotor","thecarpeoplelimited",4,1
"arielmotor","koenigsegg",6,1
"arielmotor","autotradergroupplc",7,1
"arielmotor","cars",8,1
"caterhamcars","koenigsegg",1,1
"caterhamcars","pagani",2,1
"caterhamcars","arielmotor",3,1
"caterhamcars","bugatti",4,1
"caterhamcars","ferrari",5,1
"caterhamcars","smmt",6,1
"caterhamcars","morgan-motor",7,1
"smmt","thecarpeoplelimited",1,1
"smmt","carfax",2,1
"smmt","cargurus",3,1
"smmt","autotradergroupplc",4,1
"smmt","cars",5,1
"smmt","coxautoinc",6,1
"smmt","carvana",7,1
"smmt","truecar",8,1
"thecarpeoplelimited","cargurus",1,1
"thecarpeoplelimited","carfax",2,1
"thecarpeoplelimited","cars",3,1
"thecarpeoplelimited","autotradergroupplc",4,1
"thecarpeoplelimited","coxautoinc",5,1
"thecarpeoplelimited","truecar",6,1
"thecarpeoplelimited","reyrey",7,1
"thecarpeoplelimited","cdkglobal",8,1
"autotradergroupplc","cargurus",1,1
"autotradergroupplc","edmunds",2,1
"autotradergroupplc","truecar",3,1
"autotradergroupplc","carvana",4,1
"autotradergroupplc","autobytel",5,1
"autotradergroupplc","thecarpeoplelimited",6,1
"autotradergroupplc","kbb",7,1
"cars","coxautoinc",1,1
"cars","carfax",2,1
"cars","reyrey",3,1
"cars","cdkglobal",4,1
"cars","truecar",5,1
"cars","cargurus",6,1
"cars","dealersocket",7,1
"cars","dealertrack",8,1
"carfax","cars",1,1
"carfax","coxautoinc",2,1
"carfax","cargurus",3,1
"carfax","reyrey",4,1
"carfax","truecar",5,1
"carfax","cdkglobal",6,1
"carfax","adamdms",7,1
"carfax","dealersocket",8,1
"cargurus","carfax",1,1
"cargurus","offleaseonly",2,1
"cargurus","cars",3,1
"cargurus","carvana",4,1
"cargurus","vast",5,1
"cargurus","coxautoinc",6,1
"cargurus","findmicar",7,1
"cargurus","goodsonacura",8,1
"coxautoinc","reyrey",1,1
"coxautoinc","cdkglobal",2,1
"coxautoinc","truecar",3,1
"coxautoinc","dealersocket",4,1
"coxautoinc","adamdms",5,1
"coxautoinc","drivedominion",6,1
"coxautoinc","autosoftdms",7,1
"coxautoinc","cargurus",8,1
"carvana","cargurus",1,1
"carvana","autotradergroup",2,1
"carvana","carsoup",3,1
"carvana","carsales",4,1
"carvana","carfax",5,1
"carvana","cars",6,1
"carvana","coxautoinc",7,1
"carvana","dealersocket",8,1
"truecar","cargurus",1,1
"truecar","edmunds",2,1
"truecar","kbb",3,1
"truecar","carfax",5,1
"truecar","cars",6,1
"truecar","autobytel",7,1
"truecar","carquest",8,1
"reyrey","cdkglobal",1,1
"reyrey","dealertrack",2,1
"reyrey","xtime",3,1
"reyrey","coxautoinc",4,1
"reyrey","drivedominion",5,1
"reyrey","autosoftdms",6,1
"reyrey","dealersocket",7,1
"reyrey","truecar",8,1
"cdkglobal","dealertrack",1,1
"cdkglobal","coxautoinc",2,1
"cdkglobal","drivedominion",3,1
"cdkglobal","autosoftdms",4,1
"cdkglobal","reyrey",5,1
"cdkglobal","truecar",6,1
"cdkglobal","dealersocket",7,1
"cdkglobal","xtime",8,1
"edmunds","cargurus",1,1
"edmunds","kbb",2,1
"edmunds","cardealerreviews",3,1
"edmunds","caranddriver",4,1
"edmunds","dealerrater",5,1
"edmunds","carfax",6,1
"edmunds","carnow",7,1
"edmunds","truecar",8,1
"autobytel","cargurus",1,1
"autobytel","truecar",2,1
"autobytel","edmunds",4,1
"autobytel","kbb",5,1
"autobytel","carfax",6,1
"autobytel","cars",7,1
"autobytel","vinsolutions",8,1
"kbb","truecar",1,1
"kbb","cargurus",2,1
"kbb","edmunds",3,1
"kbb","autobytel",4,1
"kbb","cars",5,1
"kbb","carfax",6,1
"kbb","coxautoinc",7,1
"kbb","deutscheautomobiltreuhandgmbh",8,1
"dealersocket","vinsolutions",1,1
"dealersocket","autosoftdms",2,1
"dealersocket","imagiclab",3,1
"dealersocket","automate",4,1
"dealersocket","dealerteam",5,1
"dealersocket","reyrey",6,1
"dealersocket","cdkglobal",7,1
"dealersocket","contact-advantage",8,1
"dealertrack","cdkglobal",1,1
"dealertrack","reyrey",2,1
"dealertrack","drivedominion",3,1
"dealertrack","autosoftdms",4,1
"dealertrack","xtime",5,1
"dealertrack","dealersocket",6,1
"dealertrack","truecar",7,1
"dealertrack","automate",8,1
"adamdms","coxautoinc",1,1
"adamdms","dealersocket",2,1
"adamdms","cdkglobal",3,1
"adamdms","reyrey",4,1
"adamdms","truecar",5,1
"adamdms","automate",6,1
"adamdms","vinsolutions",7,1
"adamdms","autosoftdms",8,1
"offleaseonly","motorcarsofstuart",1,1
"offleaseonly","diamond2autosales",3,1
"offleaseonly","coralspringsautomall",4,1
"offleaseonly","cargurus",5,1
"offleaseonly","auto-broker-jax",6,1
"offleaseonly","carfax",7,1
"findmicar","cargurus",2,1
"findmicar","cars",3,1
"findmicar","decor-cetera",4,1
"findmicar","heartsideministry",5,1
"goodsonacura","dodgeofftworth",2,1
"goodsonacura","vandergriffacura",3,1
"goodsonacura","mcdavidusa",4,1
"goodsonacura","vandergriffhonda",5,1
"goodsonacura","cargurus",6,1
"goodsonacura","davidmcdavidacuraplano",7,1
"drivedominion","dealertrack",1,1
"drivedominion","reyrey",2,1
"drivedominion","cdkglobal",3,1
"drivedominion","coxautoinc",4,1
"drivedominion","truecar",5,1
"drivedominion","dealersocket",6,1
"drivedominion","autosoftdms",7,1
"autosoftdms","dealersocket",1,1
"autosoftdms","vinsolutions",2,1
"autosoftdms","imagiclab",3,1
"autosoftdms","contact-advantage",4,1
"autosoftdms","automate",5,1
"autosoftdms","reyrey",6,1
"autosoftdms","dealerteam",7,1
"autotradergroup","cars",1,1
"autotradergroup","cargurus",2,1
"autotradergroup","carfax",3,1
"autotradergroup","dealersocket",4,1
"autotradergroup","coxautoinc",5,1
"autotradergroup","carvana",6,1
"autotradergroup","reyrey",7,1
"autotradergroup","truecar",8,1
"carsoup","cargurus",1,1
"carsoup","carvana",2,1
"carsoup","carfax",3,1
"carsoup","greinerford",4,1
"carsoup","autolist",5,1
"carsoup","cars",6,1
"carsoup","offleaseonly",7,1
"carsoup","autotradergroup",8,1
"carsales","carvana",1,1
"carsales","cargurus",2,1
"carsales","autotradergroup",3,1
"carsales","carsoup",4,1
"carsales","carfax",5,1
"carsales","cars",6,1
"carsales","dealersocket",7,1
"carsales","offleaseonly",8,1
"carquest","carwow",1,1
"carquest","edmunds",2,1
"carquest","truecar",3,1
"carquest","carbodysupplies",4,1
"carquest","hanyale",5,1
"carquest","cargurus",6,1
"carquest","kbb",7,1
"xtime","reyrey",1,1
"xtime","cdkglobal",2,1
"xtime","dealertrack",4,1
"xtime","mydealerservice",5,1
"xtime","mykaarma",6,1
"xtime","automate",7,1
"xtime","autosoftdms",8,1
"cardealerreviews","edmunds",1,1
"cardealerreviews","dealerrater",2,1
"cardealerreviews","caranddriver",3,1
"cardealerreviews","cargurus",4,1
"cardealerreviews","kbb",5,1
"cardealerreviews","truecar",6,1
"cardealerreviews","carfax",7,1
"cardealerreviews","carnow",8,1
"caranddriver","edmunds",1,1
"caranddriver","dealerrater",2,1
"caranddriver","cardealerreviews",3,1
"caranddriver","cargurus",4,1
"caranddriver","kbb",5,1
"caranddriver","arca",6,1
"caranddriver","truecar",7,1
"dealerrater","edmunds",1,1
"dealerrater","cardealerreviews",2,1
"dealerrater","caranddriver",3,1
"dealerrater","cargurus",4,1
"dealerrater","kbb",5,1
"dealerrater","truecar",6,1
"dealerrater","carfax",7,1
"dealerrater","carnow",8,1
"carnow","edmunds",1,1
"carnow","cargurus",2,1
"carnow","kbb",3,1
"carnow","cardealerreviews",4,1
"carnow","caranddriver",5,1
"carnow","dealerrater",6,1
"carnow","carfax",7,1
"carnow","autoalert",8,1
"vinsolutions","dealersocket",1,1
"vinsolutions","imagiclab",2,1
"vinsolutions","contact-advantage",3,1
"vinsolutions","reyrey",4,1
"vinsolutions","autosoftdms",5,1
"vinsolutions","cdkglobal",6,1
"vinsolutions","automate",7,1
"vinsolutions","dealertrack",8,1
"deutscheautomobiltreuhandgmbh","eurotaxglass",1,1
"deutscheautomobiltreuhandgmbh","gtmotive",3,1
"deutscheautomobiltreuhandgmbh","cccis",5,1
"deutscheautomobiltreuhandgmbh","mitchell1",6,1
"deutscheautomobiltreuhandgmbh","redbooks",7,1
"deutscheautomobiltreuhandgmbh","jato",8,1
"imagiclab","vinsolutions",1,1
"imagiclab","dealersocket",2,1
"imagiclab","autosoftdms",3,1
"imagiclab","adamdms",4,1
"imagiclab","reyrey",5,1
"imagiclab","contact-advantage",6,1
"imagiclab","coxautoinc",8,1
"automate","autosoftdms",1,1
"automate","dealersocket",2,1
"automate","vinsolutions",3,1
"automate","cdkglobal",4,1
"automate","dealertrack",5,1
"automate","coxautoinc",6,1
"automate","drivedominion",7,1
"automate","reyrey",8,1
"dealerteam","kreatocrm",2,1
"dealerteam","infor",3,1
"dealerteam","epicor",4,1
"dealerteam","ramco",5,1
"dealerteam","aptean",6,1
"dealerteam","tagetik",7,1
"dealerteam","netsuite",8,1
"contact-advantage","izmocars",1,1
"contact-advantage","elead-crm",2,1
"contact-advantage","carxrm",3,1
"contact-advantage","dealersocket",4,1
"contact-advantage","coxautoinc",5,1
"contact-advantage","vinsolutions",6,1
"contact-advantage","truecar",7,1
"contact-advantage","cdkglobal",8,1
"motorcarsofstuart","diamond2autosales",1,1
"motorcarsofstuart","offleaseonly",2,1
"motorcarsofstuart","coralspringsautomall",3,1
"motorcarsofstuart","auto-broker-jax",4,1
"motorcarsofstuart","frontiermotorsinc",6,1
"motorcarsofstuart","wards-motorsports",7,1
"diamond2autosales","motorcarsofstuart",1,1
"diamond2autosales","offleaseonly",2,1
"diamond2autosales","coralspringsautomall",3,1
"diamond2autosales","auto-broker-jax",4,1
"diamond2autosales","mikeauto",7,1
"diamond2autosales","bmwinmelbourne",8,1
"coralspringsautomall","coralspringspreownedsuperstore",1,1
"coralspringsautomall","motorcarsofstuart",2,1
"coralspringsautomall","coralspringshonda",3,1
"coralspringsautomall","diamond2autosales",4,1
"coralspringsautomall","offleaseonly",5,1
"coralspringsautomall","auto-broker-jax",6,1
"coralspringsautomall","mikeerdmantoyota",8,1
"auto-broker-jax","motorcarsofstuart",1,1
"auto-broker-jax","diamond2autosales",2,1
"auto-broker-jax","offleaseonly",3,1
"auto-broker-jax","coralspringsautomall",4,1
"auto-broker-jax","cargurus",7,1
"auto-broker-jax","coralspringspreownedsuperstore",8,1
"decor-cetera","findmicar",1,1
"decor-cetera","heartsideministry",3,1
"decor-cetera","groverestaurant",6,1
"heartsideministry","groverestaurant",3,1
"heartsideministry","easyrotor",6,1
"heartsideministry","firstfinancialresource",7,1
"heartsideministry","carmodypainting",8,1
"vandergriffacura","goodsonacura",1,1
"vandergriffacura","mcdavidusa",2,1
"vandergriffacura","vandergriffhonda",3,1
"vandergriffacura","cargurus",4,1
"vandergriffacura","acuraofpeoria",5,1
"vandergriffacura","acuraofthedesert",6,1
"mcdavidusa","vivomed",1,1
"mcdavidusa","physioroom",2,1
"vandergriffhonda","goodsonacura",1,1
"vandergriffhonda","bensonhonda",2,1
"vandergriffhonda","burlesonnissan",3,1
"vandergriffhonda","elpasohonda",4,1
"vandergriffhonda","johneaglehonda",5,1
"vandergriffhonda","hondaofparis",6,1
"davidmcdavidacuraplano","yuaninsurance",1,1
"davidmcdavidacuraplano","gracefulsolesdance",2,1
"davidmcdavidacuraplano","generalhandlingsystems",3,1
"davidmcdavidacuraplano","boardwalkferrari",5,1
"davidmcdavidacuraplano","goodsonacura",7,1
"greinerford","cargurus",1,1
"greinerford","carvana",2,1
"greinerford","carsoup",3,1
"greinerford","carfax",4,1
"greinerford","autotradergroup",5,1
"greinerford","offleaseonly",6,1
"greinerford","cars",7,1
"greinerford","autolist",8,1
"autolist","cargurus",1,1
"autolist","truecar",2,1
"autolist","carsoup",3,1
"autolist","edmunds",4,1
"autolist","kbb",6,1
"autolist","lotpro",7,1
"carwow","carlypso",1,1
"carwow","tred",2,1
"carwow","instamotor",3,1
"carwow","carkibo",4,1
"carwow","cargurus",5,1
"carwow","leasefetcher",6,1
"carwow","carfax",7,1
"carwow","truecar",8,1
"carbodysupplies","carwow",1,1
"carbodysupplies","napaonline",2,1
"carbodysupplies","carquest",3,1
"carbodysupplies","partsauthority",4,1
"carbodysupplies","dash",5,1
"carbodysupplies","carlypso",6,1
"carbodysupplies","tred",7,1
"carbodysupplies","instamotor",8,1
"hanyale","dormanproducts",1,1
"hanyale","autozone",3,1
"hanyale","advanceautoparts",4,1
"hanyale","acdelco",5,1
"hanyale","pepboys",6,1
"hanyale","continental-corporation",7,1
"hanyale","1aauto",8,1
"mykaarma","autosoftdms",1,1
"mykaarma","dealerteam",2,1
"mykaarma","automate",3,1
"mykaarma","dealersocket",4,1
"mykaarma","xtime",5,1
"mykaarma","vinsolutions",6,1
"mykaarma","mydealerservice",7,1
"arca","wincor-nixdorf",1,1
"arca","scancoin",2,1
"arca","hyosung",3,1
"arca","tidel",4,1
"arca","ncr",5,1
"arca","flowserve",6,1
"arca","spx",7,1
"arca","velan",8,1
"autoalert","drivedominion",1,1
"autoalert","elead-crm",2,1
"autoalert","coxautoinc",3,1
"autoalert","cdkglobal",4,1
"autoalert","dealertrack",5,1
"autoalert","reyrey",6,1
"autoalert","truecar",7,1
"autoalert","dealersocket",8,1
"eurotaxglass","jato",1,1
"eurotaxglass","audaexplore",2,1
"eurotaxglass","woodmac",3,1
"eurotaxglass","verisk",4,1
"eurotaxglass","dnb",5,1
"eurotaxglass","partstrader",6,1
"eurotaxglass","factset",7,1
"eurotaxglass","knovel",8,1
"gtmotive","audaexplore",1,1
"gtmotive","mitchell1",2,1
"gtmotive","cccis",3,1
"gtmotive","estify",4,1
"gtmotive","deutscheautomobiltreuhandgmbh",5,1
"gtmotive","mechanicbusinesspro",6,1
"gtmotive","adamdms",7,1
"gtmotive","alldata",8,1
"cccis","audaexplore",1,1
"cccis","mitchell1",2,1
"cccis","estify",3,1
"cccis","adamdms",4,1
"cccis","mechanicbusinesspro",5,1
"cccis","deutscheautomobiltreuhandgmbh",6,1
"cccis","eurotaxglass",7,1
"cccis","gtmotive",8,1
"mitchell1","alldata",1,1
"mitchell1","alldata",2,1
"mitchell1","identifix",3,1
"mitchell1","motor",4,1
"mitchell1","winworks",6,1
"mitchell1","rowriter",7,1
"redbooks","snapon",1,1
"redbooks","mediaradar",2,1
"redbooks","warc",3,1
"redbooks","kantarmedia",4,1
"redbooks","stylus",5,1
"redbooks","cision",6,1
"redbooks","wgsn",7,1
"redbooks","mintel",8,1
"jato","eurotaxglass",1,1
"jato","woodmac",2,1
"jato","audaexplore",3,1
"jato","verisk",4,1
"jato","sproutloud",5,1
"jato","factset",6,1
"jato","dnb",7,1
"jato","solera",8,1
"kreatocrm","unityworks",1,1
"kreatocrm","pmam",2,1
"kreatocrm","sugarcrm",3,1
"kreatocrm","zohocorp",4,1
"kreatocrm","tenmiles",5,1
"kreatocrm","crmngle",6,1
"kreatocrm","pipedrive",7,1
"kreatocrm","xiaoshouyi",8,1
"infor","epicor",1,1
"infor","ramco",2,1
"infor","aptean",3,1
"infor","tagetik",4,1
"infor","netsuite",5,1
"infor","rusada",6,1
"infor","ifsworld",7,1
"infor","mxi",8,1
"epicor","infor",1,1
"epicor","netsuite",2,1
"epicor","aptean",3,1
"epicor","ramco",4,1
"epicor","kenandy",5,1
"epicor","tagetik",6,1
"epicor","brightpearl",7,1
"epicor","ifsworld",8,1
"ramco","rusada",1,1
"ramco","ifsworld",2,1
"ramco","mxi",3,1
"netsuite","infor",1,1
"netsuite","epicor",2,1
"netsuite","aptean",3,1
"netsuite","kenandy",4,1
"netsuite","brightpearl",5,1
"netsuite","ramco",6,1
"izmocars","contact-advantage",1,1
"izmocars","elead-crm",4,1
"izmocars","carxrm",5,1
"izmocars","carsoup",6,1
"izmocars","dealersocket",7,1
"izmocars","coxautoinc",8,1
"elead-crm","dealersocket",1,1
"elead-crm","coxautoinc",2,1
"elead-crm","vinsolutions",3,1
"elead-crm","autosoftdms",4,1
"elead-crm","reyrey",5,1
"elead-crm","contact-advantage",6,1
"elead-crm","automate",7,1
"carxrm","contact-advantage",1,1
"carxrm","izmocars",2,1
"carxrm","elead-crm",4,1
"carxrm","dealersocket",5,1
"carxrm","coxautoinc",6,1
"carxrm","automate",8,1
"frontiermotorsinc","wards-motorsports",7,1
"wards-motorsports","frontiermotorsinc",3,1
"mikeauto","bmwinmelbourne",3,1
"mikeauto","diamond2autosales",4,1
"mikeauto","motorcarsofstuart",7,1
"coralspringspreownedsuperstore","coralspringsautomall",1,1
"coralspringspreownedsuperstore","coralspringshonda",2,1
"mikeerdmantoyota","coralspringshonda",1,1
"mikeerdmantoyota","coralspringsautomall",4,1
"mikeerdmantoyota","coralspringspreownedsuperstore",6,1
"mikeerdmantoyota","motorcarsofstuart",8,1
"coralspringshonda","coralspringspreownedsuperstore",1,1
"coralspringshonda","coralspringsautomall",2,1
"coralspringshonda","mikeerdmantoyota",3,1
"groverestaurant","heartsideministry",2,1
"groverestaurant","easyrotor",6,1
"groverestaurant","firstfinancialresource",7,1
"groverestaurant","carmodypainting",8,1
"acuraofpeoria","acuraofthedesert",1,1
"acuraofpeoria","vandergriffacura",3,1
"acuraofpeoria","goodsonacura",6,1
"acuraofthedesert","acuraofpeoria",1,1
"acuraofthedesert","vandergriffacura",5,1
"acuraofthedesert","goodsonacura",6,1
"vivomed","physioroom",2,1
"physioroom","vivomed",2,1
"foryourarms","vivomed",2,1
"foryourarms","physioroom",3,1
"bensonhonda","vandergriffhonda",8,1
"burlesonnissan","vandergriffhonda",3,1
"burlesonnissan","bensonhonda",4,1
"burlesonnissan","hondaofparis",5,1
"burlesonnissan","elpasohonda",6,1
"burlesonnissan","johneaglehonda",7,1
"elpasohonda","vandergriffhonda",1,1
"elpasohonda","bensonhonda",2,1
"elpasohonda","burlesonnissan",3,1
"elpasohonda","hondaofparis",4,1
"elpasohonda","johneaglehonda",5,1
"elpasohonda","goodsonacura",6,1
"johneaglehonda","vandergriffhonda",1,1
"johneaglehonda","bensonhonda",2,1
"johneaglehonda","burlesonnissan",3,1
"johneaglehonda","hondaofparis",4,1
"johneaglehonda","elpasohonda",5,1
"johneaglehonda","goodsonacura",6,1
"hondaofparis","vandergriffhonda",4,1
"hondaofparis","bensonhonda",5,1
"hondaofparis","burlesonnissan",6,1
"hondaofparis","elpasohonda",7,1
"hondaofparis","johneaglehonda",8,1
"yuaninsurance","gracefulsolesdance",1,1
"yuaninsurance","generalhandlingsystems",2,1
"yuaninsurance","boardwalkferrari",4,1
"gracefulsolesdance","yuaninsurance",1,1
"gracefulsolesdance","generalhandlingsystems",2,1
"gracefulsolesdance","boardwalkferrari",4,1
"generalhandlingsystems","yuaninsurance",1,1
"generalhandlingsystems","gracefulsolesdance",2,1
"generalhandlingsystems","boardwalkferrari",3,1
"boardwalkferrari","yuaninsurance",1,1
"boardwalkferrari","gracefulsolesdance",2,1
"boardwalkferrari","generalhandlingsystems",3,1
"lotpro","cargurus",1,1
"lotpro","autolist",2,1
"lotpro","truecar",4,1
"lotpro","carsoup",5,1
"carlypso","tred",1,1
"carlypso","cargurus",2,1
"carlypso","instamotor",3,1
"carlypso","carfax",4,1
"carlypso","carkibo",5,1
"tred","carlypso",1,1
"tred","instamotor",2,1
"tred","carkibo",3,1
"tred","carwow",4,1
"tred","leasefetcher",5,1
"instamotor","carlypso",1,1
"instamotor","tred",2,1
"instamotor","carkibo",3,1
"instamotor","cargurus",4,1
"instamotor","leasefetcher",5,1
"carkibo","carlypso",1,1
"carkibo","instamotor",2,1
"carkibo","tred",3,1
"carkibo","cargurus",4,1
"carkibo","leasefetcher",5,1
"leasefetcher","tred",1,1
"leasefetcher","instamotor",2,1
"leasefetcher","cargurus",3,1
"leasefetcher","carlypso",4,1
"leasefetcher","carfax",5,1
"napaonline","partsauthority",1,1
"napaonline","dash",2,1
"napaonline","autozone",5,1
"napaonline","pepboys",6,1
"partsauthority","dash",1,1
"partsauthority","napaonline",2,1
"partsauthority","autozone",4,1
"partsauthority","pepboys",5,1
"partsauthority","advanceautoparts",6,1
"autozone","pepboys",1,1
"autozone","advanceautoparts",2,1
"autozone","napaonline",4,1
"autozone","partsauthority",5,1
"advanceautoparts","pepboys",1,1
"advanceautoparts","autozone",2,1
"advanceautoparts","napaonline",4,1
"advanceautoparts","partsauthority",6,1
"pepboys","autozone",2,1
"pepboys","advanceautoparts",4,1
"1aauto","hanyale",7,1
"mydealerservice","mykaarma",1,1
"mydealerservice","xtime",2,1
"wincor-nixdorf","ncr",1,1
"scancoin","arca",3,1
"scancoin","wincor-nixdorf",5,1
"hyosung","flowserve",1,1
"hyosung","spx",2,1
"hyosung","velan",3,1
"hyosung","arca",5,1
"hyosung","wincor-nixdorf",7,1
"hyosung","scancoin",8,1
"tidel","scancoin",1,1
"tidel","ncr",2,1
"flowserve","velan",1,1
"flowserve","spx",2,1
"spx","flowserve",1,1
"spx","velan",2,1
"audaexplore","mitchell1",1,1
"audaexplore","cccis",2,1
"audaexplore","mechanicbusinesspro",3,1
"audaexplore","estify",4,1
"audaexplore","alldata",5,1
"audaexplore","partstrader",6,1
"partstrader","mitchell1",1,1
"partstrader","audaexplore",3,1
"partstrader","audaexplore",6,1
"knovel","woodmac",1,1
"knovel","verisk",2,1
"knovel","dnb",3,1
"audaexplore","mitchell1",1,1
"audaexplore","cccis",2,1
"audaexplore","mechanicbusinesspro",3,1
"audaexplore","estify",4,1
"audaexplore","alldata",5,1
"audaexplore","partstrader",6,1
"estify","mitchell1",1,1
"estify","cccis",2,1
"estify","audaexplore",3,1
"estify","mechanicbusinesspro",4,1
"estify","adamdms",5,1
"estify","deutscheautomobiltreuhandgmbh",6,1
"mechanicbusinesspro","cccis",1,1
"mechanicbusinesspro","audaexplore",2,1
"mechanicbusinesspro","mitchell1",3,1
"mechanicbusinesspro","adamdms",6,1
"mechanicbusinesspro","deutscheautomobiltreuhandgmbh",7,1
"mechanicbusinesspro","estify",8,1
"alldata","motor",1,1
"alldata","identifix",2,1
"alldata","rowriter",5,1
"alldata","winworks",6,1
"alldata","alldata",7,1
"alldata","motor",1,1
"alldata","identifix",2,1
"alldata","rowriter",5,1
"alldata","winworks",6,1
"alldata","alldata",7,1
"identifix","alldata",1,1
"identifix","identifix",3,1
"identifix","motor",4,1
"identifix","rowriter",5,1
"identifix","winworks",6,1
"motor","alldata",1,1
"motor","alldata",3,1
"motor","motor",4,1
"motor","winworks",6,1
"motor","rowriter",7,1
"winworks","alldata",1,1
"winworks","identifix",3,1
"winworks","motor",4,1
"winworks","alldata",5,1
"winworks","winworks",6,1
"winworks","rowriter",7,1
"rowriter","alldata",1,1
"rowriter","alldata",3,1
"rowriter","identifix",4,1
"rowriter","motor",6,1
"snapon","alldata",2,1
"snapon","identifix",7,1
"snapon","motor",8,1
"mediaradar","redbooks",1,1
"mediaradar","stylus",2,1
"mediaradar","mediaradar",3,1
"mediaradar","mintel",4,1
"mediaradar","warc",8,1
"warc","kantarmedia",1,1
"warc","wgsn",2,1
"warc","cision",3,1
"kantarmedia","snapon",1,1
"kantarmedia","redbooks",2,1
"stylus","cision",1,1
"stylus","wgsn",3,1
"stylus","mediaradar",6,1
"wgsn","kantarmedia",2,1
"wgsn","mediaradar",5,1
"wgsn","wgsn",8,1
"solera","jato",1,1
"solera","alldata",2,1
"solera","identifix",4,1
"solera","motor",5,1
"unityworks","jato",2,1
"pmam","pmam",1,1
"pmam","sugarcrm",4,1
"pmam","kreatocrm",5,1
"pmam","zohocorp",8,1
"sugarcrm","zohocorp",1,1
"sugarcrm","sugarcrm",2,1
"sugarcrm","pipedrive",3,1
"zohocorp","pmam",1,1
"zohocorp","pipedrive",2,1
"zohocorp","zohocorp",3,1
"crmngle","pmam",1,1
"crmngle","sugarcrm",2,1
"crmngle","zohocorp",3,1
"crmngle","pipedrive",4,1
"crmngle","kreatocrm",5,1
"xiaoshouyi","kreatocrm",1,1
"xiaoshouyi","zohocorp",2,1
"xiaoshouyi","unityworks",5,1
"xiaoshouyi","pmam",6,1
"xiaoshouyi","sugarcrm",8,1
"rusada","mxi",3,1
"mxi","rusada",2,1
"kenandy","epicor",3,1
"kenandy","infor",6,1
"kenandy","netsuite",7,1
"newyorktimes","newscorporation",1,1
"newyorktimes","time",2,1
"newyorktimes","wall-street-journal",3,1
"newyorktimes","fortune-magazine",4,1
"newyorktimes","washington-post",5,1
"newyorktimes","bloomberg",6,1
"newyorktimes","gannett",7,1
"newyorktimes","hearstcorporation",8,1
"newscorporation","mcgraw-hill-financial",1,1
"newscorporation","sungard",2,1
"newscorporation","valassis",3,1
"newscorporation","itn-2",4,1
"newscorporation","the-walt-disney-company",5,1
"newscorporation","cbs-corporation",6,1
"newscorporation","cumulus-media-partners",8,1
"time","newyorktimes",1,1
"time","newscorporation",2,1
"time","gannett",3,1
"time","hearstcorporation",4,1
"time","cox-media",5,1
"time","the-mcclatchy-company",6,1
"time","e-w-scripps",7,1
"time","american-city-business-journals",8,1
"wall-street-journal","newyorktimes",1,1
"wall-street-journal","financial-times",2,1
"wall-street-journal","forbes",3,1
"wall-street-journal","usa-today",4,1
"wall-street-journal","ideas-people-media",5,1
"wall-street-journal","the-guardian",6,1
"wall-street-journal","fortune-magazine",7,1
"wall-street-journal","the-economist-group",8,1
"fortune-magazine","wall-street-journal",1,1
"fortune-magazine","fast-company",2,1
"fortune-magazine","harvard-business-review",3,1
"fortune-magazine","entrepreneur-com",4,1
"fortune-magazine","bloomberg",5,1
"fortune-magazine","newyorktimes",6,1
"fortune-magazine","forbes",7,1
"fortune-magazine","business-insider",8,1
"washington-post","the-guardian",1,1
"washington-post","the-tribune-company",2,1
"washington-post","newyorktimes",3,1
"washington-post","time",4,1
"washington-post","telegraph-media-group",5,1
"washington-post","newscorporation",6,1
"washington-post","politico",7,1
"washington-post","wall-street-journal",8,1
"bloomberg","thomson-reuters",1,1
"bloomberg","pitchbook-data",2,1
"bloomberg","dow-jones",3,1
"bloomberg","mergermarket",4,1
"bloomberg","preqin",5,1
"bloomberg","tradeweb",6,1
"bloomberg","reed-elsevier-plc",7,1
"bloomberg","capital-iq",8,1
"bloomberg","s-p-global",8,1
"gannett","hearstcorporation",1,1
"gannett","meredith",2,1
"gannett","cox-media",3,1
"gannett","the-mcclatchy-company",4,1
"gannett","american-city-business-journals",5,1
"gannett","e-w-scripps",6,1
"gannett","aol",7,1
"gannett","time",8,1
"hearstcorporation","meredith",1,1
"hearstcorporation","time",2,1
"hearstcorporation","gannett",3,1
"hearstcorporation","engaged-media-inc-",4,1
"hearstcorporation","bmj-group",5,1
"hearstcorporation","bbc",6,1
"hearstcorporation","newyorktimes",7,1
"hearstcorporation","the-mcclatchy-company",8,1
"mcgraw-hill-financial","thomson-reuters",1,1
"mcgraw-hill-financial","moodys-investors-service",2,1
"mcgraw-hill-financial","fitch-ratings",3,1
"mcgraw-hill-financial","bloomberg",4,1
"mcgraw-hill-financial","lex-machina",5,1
"mcgraw-hill-financial","capital-iq",6,1
"mcgraw-hill-financial","s-p-global",6,1
"mcgraw-hill-financial","uzabase",7,1
"mcgraw-hill-financial","lexisnexis",8,1
"sungard","broadridge",1,1
"sungard","ss-c-technologies",2,1
"sungard","advent-software",3,1
"sungard","fidessa",4,1
"sungard","calypso-technology",5,1
"sungard","murex",6,1
"sungard","misys",7,1
"sungard","openlink",8,1
"valassis","news-america-marketing",1,1
"valassis","insignia-systems",2,1
"valassis","newscorporation",3,1
"valassis","orlando-sentinel",4,1
"valassis","invisipon",5,1
"valassis","inmar",6,1
"valassis","mspark",7,1
"valassis","revtrax",8,1
"itn-2","newscorporation",1,1
"itn-2","sky",2,1
"itn-2","channel-2",3,1
"itn-2","bbc",4,1
"itn-2","wazee-digital",5,1
"itn-2","itv",6,1
"itn-2","bt",7,1
"itn-2","channel",8,1
"the-walt-disney-company","viacom",1,1
"the-walt-disney-company","newscorporation",2,1
"the-walt-disney-company","comcast",3,1
"the-walt-disney-company","cbs-corporation",4,1
"the-walt-disney-company","discovery-inc",5,1
"the-walt-disney-company","nbcuniversal",6,1
"the-walt-disney-company","sony-pictures-entertainment",7,1
"the-walt-disney-company","universal",8,1
"cbs-corporation","newscorporation",1,1
"cbs-corporation","cumulus-media-partners",2,1
"cbs-corporation","comcast-spotlight",3,1
"cbs-corporation","nbc",4,1
"cbs-corporation","fox-interactive-media",5,1
"cbs-corporation","warner-bros",6,1
"cbs-corporation","townsquare-media",7,1
"cbs-corporation","entercom-communications",8,1
"cumulus-media-partners","entercom-communications",1,1
"cumulus-media-partners","townsquare-media",2,1
"cumulus-media-partners","clear-channel-communications",3,1
"cumulus-media-partners","iheartradio",4,1
"cumulus-media-partners","pandora",5,1
"cumulus-media-partners","hgst",6,1
"cumulus-media-partners","tunein-inc",7,1
"cumulus-media-partners","live365",8,1
"cox-media","cbs-radio",1,1
"cox-media","emmis-communications",2,1
"cox-media","radio-one",3,1
"cox-media","gannett",4,1
"cox-media","sirius",5,1
"cox-media","entercom-communications",6,1
"cox-media","a-h-belo-corporation",7,1
"cox-media","pandora",8,1
"the-mcclatchy-company","gannett",1,1
"the-mcclatchy-company","e-w-scripps",2,1
"the-mcclatchy-company","lee-enterprises-llc",3,1
"the-mcclatchy-company","hearstcorporation",4,1
"the-mcclatchy-company","meredith",5,1
"the-mcclatchy-company","cox-media",6,1
"the-mcclatchy-company","american-city-business-journals",7,1
"the-mcclatchy-company","aol",8,1
"e-w-scripps","gannett",1,1
"e-w-scripps","the-mcclatchy-company",2,1
"e-w-scripps","lee-enterprises-llc",3,1
"e-w-scripps","newyorktimes",4,1
"e-w-scripps","hearstcorporation",5,1
"e-w-scripps","time",6,1
"e-w-scripps","meredith",7,1
"e-w-scripps","cox-media",8,1
"american-city-business-journals","dow-jones",1,1
"american-city-business-journals","crain-communications",2,1
"american-city-business-journals","wall-street-journal",3,1
"american-city-business-journals","access-intelligence",4,1
"american-city-business-journals","business-insider",5,1
"american-city-business-journals","linkedin",6,1
"american-city-business-journals","thomson-reuters",7,1
"american-city-business-journals","bloomberg",8,1
"financial-times","wall-street-journal",1,1
"financial-times","the-economist-group",2,1
"financial-times","ideas-people-media",3,1
"financial-times","newyorktimes",4,1
"financial-times","forbes",5,1
"financial-times","usa-today",6,1
"financial-times","the-guardian",7,1
"financial-times","washington-post",8,1
"forbes","wall-street-journal",1,1
"forbes","newyorktimes",2,1
"forbes","financial-times",3,1
"forbes","fortune-magazine",4,1
"forbes","the-economist-group",5,1
"forbes","entrepreneur-com",6,1
"forbes","time-magazine",7,1
"usa-today","the-tribune-company",1,1
"usa-today","wall-street-journal",2,1
"usa-today","newyorktimes",3,1
"usa-today","the-guardian",4,1
"usa-today","financial-times",5,1
"usa-today","time",6,1
"usa-today","forbes",7,1
"usa-today","ideas-people-media",8,1
"ideas-people-media","wall-street-journal",1,1
"ideas-people-media","financial-times",2,1
"ideas-people-media","newyorktimes",3,1
"ideas-people-media","forbes",4,1
"ideas-people-media","the-economist-group",5,1
"ideas-people-media","usa-today",6,1
"ideas-people-media","the-guardian",7,1
"ideas-people-media","time",8,1
"the-guardian","telegraph-media-group",1,1
"the-guardian","independent",2,1
"the-guardian","news-uk",3,1
"the-guardian","forsalebyowner-com",4,1
"the-guardian","sun-life-financial",5,1
"the-guardian","the-economist-group",6,1
"the-guardian","the-standard-digital",7,1
"the-guardian","newyorktimes",8,1
"the-economist-group","newyorktimes",1,1
"the-economist-group","financial-times",2,1
"the-economist-group","forbes",3,1
"the-economist-group","wall-street-journal",4,1
"the-economist-group","time",5,1
"the-economist-group","u-s-news",6,1
"the-economist-group","newscorporation",7,1
"the-economist-group","telegraph-media-group",8,1
"fast-company","wired-magazine",1,1
"fast-company","entrepreneur-com",2,1
"fast-company","buzzfeed",3,1
"fast-company","nationswell",4,1
"fast-company","carplace",5,1
"fast-company","fortune-magazine",6,1
"fast-company","harvard-business-review",7,1
"fast-company","gigaom",8,1
"harvard-business-review","wall-street-journal",1,1
"harvard-business-review","fortune-magazine",2,1
"harvard-business-review","fast-company",3,1
"harvard-business-review","newyorktimes",4,1
"harvard-business-review","american-bar-association",5,1
"harvard-business-review","financial-times",7,1
"harvard-business-review","forbes",8,1
"entrepreneur-com","small-business-trends",1,1
"entrepreneur-com","psychicleo",3,1
"entrepreneur-com","california-dental-institute",4,1
"entrepreneur-com","superior-storage-tanks",5,1
"entrepreneur-com","marklet",6,1
"entrepreneur-com","judy-neal",7,1
"entrepreneur-com","eljaytunes",8,1
"business-insider","mashable",1,1
"business-insider","techcrunch",2,1
"business-insider","venturebeat",3,1
"business-insider","buzzfeed",4,1
"business-insider","the-next-web",5,1
"business-insider","fortune-magazine",6,1
"business-insider","entrepreneur-com",7,1
"business-insider","the-business-journals",8,1
"the-tribune-company","the-guardian",1,1
"the-tribune-company","time",2,1
"the-tribune-company","newyorktimes",3,1
"the-tribune-company","aol",4,1
"the-tribune-company","newscorporation",5,1
"the-tribune-company","cox-media",6,1
"the-tribune-company","the-mcclatchy-company",7,1
"the-tribune-company","hearstcorporation",8,1
"telegraph-media-group","the-guardian",1,1
"telegraph-media-group","independent",2,1
"telegraph-media-group","news-uk",3,1
"telegraph-media-group","the-standard-digital",4,1
"telegraph-media-group","the-economist-group",5,1
"telegraph-media-group","newyorktimes",6,1
"telegraph-media-group","forsalebyowner-com",7,1
"telegraph-media-group","newscorporation",8,1
"politico","the-fiscal-times",1,1
"politico","bloomberg-government",2,1
"politico","legistorm",3,1
"politico","newyorktimes",4,1
"politico","roll-call-group",5,1
"politico","huffingtonpost",6,1
"politico","bna",7,1
"politico","washington-post",8,1
"thomson-reuters","bloomberg",1,1
"thomson-reuters","capital-iq",2,1
"thomson-reuters","s-p-global",2,1
"thomson-reuters","lex-machina",3,1
"thomson-reuters","lexisnexis",4,1
"thomson-reuters","mcgraw-hill-financial",5,1
"thomson-reuters","pitchbook-data",6,1
"thomson-reuters","dow-jones",7,1
"thomson-reuters","reed-elsevier-plc",8,1
"pitchbook-data","tracxn",1,1
"pitchbook-data","insideview",2,1
"pitchbook-data","datafox",3,1
"pitchbook-data","owler",4,1
"pitchbook-data","dnb",5,1
"pitchbook-data","dun-and-bradstreet-corporation",5,1
"pitchbook-data","zoominfo",6,1
"pitchbook-data","duedil",7,1
"pitchbook-data","privco",8,1
"dow-jones","thomson-reuters",1,1
"dow-jones","bloomberg",2,1
"dow-jones","lexisnexis",3,1
"dow-jones","pitchbook-data",4,1
"dow-jones","capital-iq",5,1
"dow-jones","s-p-global",5,1
"dow-jones","lex-machina",6,1
"dow-jones","bureau-van-dijk",7,1
"dow-jones","mcgraw-hill-financial",8,1
"mergermarket","bloomberg",1,1
"mergermarket","thomson-reuters",2,1
"mergermarket","dealogic",3,1
"mergermarket","capital-iq",4,1
"mergermarket","s-p-global",4,1
"mergermarket","the-deal-llc",5,1
"mergermarket","pitchbook-data",6,1
"mergermarket","dow-jones",7,1
"mergermarket","lex-machina",8,1
"preqin","pitchbook-data",1,1
"preqin","capital-iq",2,1
"preqin","s-p-global",2,1
"preqin","cb-insights",3,1
"preqin","factset",4,1
"preqin","thomson-reuters",5,1
"preqin","tracxn",6,1
"preqin","datafox",7,1
"preqin","owler",8,1
"tradeweb","algomi-ltd",1,1
"tradeweb","trueex",2,1
"tradeweb","marketaxess",3,1
"tradeweb","mts-systems",4,1
"tradeweb","nex-group",5,1
"tradeweb","airex-inc-",6,1
"tradeweb","osisoft",7,1
"tradeweb","moog",8,1
"reed-elsevier-plc","wolters-kluwer",1,1
"reed-elsevier-plc","thomson-reuters",2,1
"reed-elsevier-plc","bloomberg",3,1
"reed-elsevier-plc","ubm",4,1
"reed-elsevier-plc","lex-machina",5,1
"reed-elsevier-plc","capital-iq",6,1
"reed-elsevier-plc","s-p-global",6,1
"reed-elsevier-plc","mitratech-holdings-inc",7,1
"reed-elsevier-plc","serengeti-law",8,1
"capital-iq","thomson-reuters",1,1
"capital-iq","pitchbook-data",2,1
"capital-iq","bloomberg",3,1
"capital-iq","factset",4,1
"capital-iq","preqin",5,1
"capital-iq","lex-machina",6,1
"capital-iq","lexisnexis",7,1
"capital-iq","mcgraw-hill-financial",8,1
"meredith","hearstcorporation",1,1
"meredith","gannett",2,1
"meredith","newyorktimes",3,1
"meredith","the-mcclatchy-company",4,1
"meredith","newscorporation",5,1
"meredith","cox-media",6,1
"meredith","american-city-business-journals",7,1
"meredith","e-w-scripps",8,1
"aol","google",1,1
"aol","iac",2,1
"aol","vox-media",3,1
"aol","tapad",4,1
"aol","buzzfeed",5,1
"aol","microsoft",6,1
"aol","apple",7,1
"aol","box",8,1
"engaged-media-inc-","televisa",1,1
"engaged-media-inc-","gtxcel",2,1
"engaged-media-inc-","davler-media-group",3,1
"engaged-media-inc-","azteca",4,1
"engaged-media-inc-","issuu",5,1
"engaged-media-inc-","produ",6,1
"engaged-media-inc-","hoffmann",7,1
"engaged-media-inc-","meredith",8,1
"bmj-group","wolters-kluwer",1,1
"bmj-group","elsevier",2,1
"bmj-group","wiley",3,1
"bmj-group","nejm-group",4,1
"bmj-group","mcgraw-hill-education",5,1
"bmj-group","taylor-francis-group",6,1
"bmj-group","wiley-blackwell",7,1
"bmj-group","pearson",8,1
"bbc","itv",1,1
"bbc","cnn-com",2,1
"bbc","newscorporation",3,1
"bbc","sky",4,1
"bbc","channel-2",5,1
"bbc","channel",6,1
"bbc","the-walt-disney-company",7,1
"bbc","stv",8,1
"moodys-investors-service","fitch-ratings",1,1
"moodys-investors-service","capital-iq",2,1
"moodys-investors-service","s-p-global",2,1
"moodys-investors-service","dbrs",3,1
"moodys-investors-service","morningstar",4,1
"moodys-investors-service","mcgraw-hill-financial",5,1
"moodys-investors-service","factset",6,1
"moodys-investors-service","standard-poor-s",7,1
"moodys-investors-service","msci",8,1
"fitch-ratings","moodys-investors-service",1,1
"fitch-ratings","morningstar",2,1
"fitch-ratings","capital-iq",3,1
"fitch-ratings","s-p-global",3,1
"fitch-ratings","mcgraw-hill-financial",4,1
"fitch-ratings","standard-poor-s",5,1
"fitch-ratings","dbrs",6,1
"fitch-ratings","msci",7,1
"fitch-ratings","factset",8,1
"lex-machina","thomson-reuters",1,1
"lex-machina","ravel-law",2,1
"lex-machina","bloomberg",3,1
"lex-machina","premonition",5,1
"lex-machina","mcgraw-hill-financial",6,1
"lex-machina","altlegal",7,1
"lex-machina","manzama",8,1
"uzabase","mcgraw-hill-financial",1,1
"uzabase","nikkei",2,1
"uzabase","moodys-investors-service",3,1
"uzabase","thomson-reuters",4,1
"uzabase","fitch-ratings",5,1
"uzabase","capital-iq",6,1
"uzabase","s-p-global",6,1
"uzabase","morningstar",7,1
"uzabase","dbrs",8,1
"lexisnexis","thomson-reuters",1,1
"lexisnexis","equifax",2,1
"lexisnexis","tlo",3,1
"lexisnexis","transunion",4,1
"lexisnexis","corelogic",5,1
"lexisnexis","bloomberg",6,1
"lexisnexis","mcgraw-hill-financial",8,1
"broadridge","ss-c-technologies",1,1
"broadridge","sungard",2,1
"broadridge","issuer-direct",3,1
"broadridge","messer-financial-software",4,1
"broadridge","advent-software",5,1
"broadridge","fidessa",6,1
"broadridge","calypso-technology",7,1
"broadridge","murex",8,1
"ss-c-technologies","sungard",1,1
"ss-c-technologies","broadridge",2,1
"ss-c-technologies","charles-river-development",3,1
"ss-c-technologies","electra-information-systems",4,1
"ss-c-technologies","calypso-technology",5,1
"ss-c-technologies","fidessa",6,1
"ss-c-technologies","murex",7,1
"ss-c-technologies","otherlevels",8,1
"advent-software","vantage-software",1,1
"advent-software","objectway",2,1
"advent-software","clearserve",3,1
"advent-software","vichara-technologies",4,1
"advent-software","indus-valley-partners",5,1
"advent-software","information-mosaic",6,1
"advent-software","electra-information-systems",7,1
"advent-software","fundcount",8,1
"fidessa","ullink",1,1
"fidessa","trading-technologies",2,1
"fidessa","advent-software",3,1
"fidessa","traiana",4,1
"fidessa","insync-analytics",5,1
"fidessa","inforeach",6,1
"fidessa","cactus-wellhead-llc",7,1
"fidessa","fixnetix",8,1
"calypso-technology","murex",1,1
"calypso-technology","advent-software",2,1
"calypso-technology","openlink",3,1
"calypso-technology","risk-focus",4,1
"calypso-technology","misys",5,1
"calypso-technology","sungard",6,1
"calypso-technology","ion-group",7,1
"calypso-technology","derivative-path-inc",8,1
"murex","calypso-technology",1,1
"murex","sungard",2,1
"murex","misys",3,1
"murex","advent-software",4,1
"murex","openlink",5,1
"murex","broadridge",6,1
"murex","ss-c-technologies",7,1
"murex","fidessa",8,1
"misys","calypso-technology",1,1
"misys","temenos",2,1
"misys","murex",3,1
"misys","risk-focus",4,1
"misys","avaloq-2",5,1
"misys","d-h",6,1
"misys","rm-plc",7,1
"misys","advent-software",8,1
"openlink","eka-software-solutions",1,1
"openlink","allegro-development-corporation",2,1
"openlink","datagenic",3,1
"openlink","compliance-science",4,1
"openlink","starcompliance",5,1
"openlink","movius-interactive",6,1
"openlink","enertia-software",7,1
"openlink","marketview",8,1
"news-america-marketing","valassis",1,1
"news-america-marketing","insignia-systems",2,1
"news-america-marketing","orlando-sentinel",3,1
"news-america-marketing","bright-house-networks",4,1
"news-america-marketing","newscorporation",5,1
"news-america-marketing","ibotta",6,1
"news-america-marketing","whale-shark-media",7,1
"news-america-marketing","vestcom-international-inc",8,1
"insignia-systems","news-america-marketing",1,1
"insignia-systems","valassis",2,1
"insignia-systems","vestcom-international-inc",3,1
"insignia-systems","orlando-sentinel",4,1
"insignia-systems","newscorporation",5,1
"insignia-systems","itway-s-p-a",6,1
"insignia-systems","invisipon",7,1
"insignia-systems","inmar",8,1
"orlando-sentinel","valassis",1,1
"orlando-sentinel","bright-house-networks",2,1
"orlando-sentinel","news-america-marketing",3,1
"orlando-sentinel","dish-network",4,1
"orlando-sentinel","directv",5,1
"orlando-sentinel","cablevision-systems",6,1
"orlando-sentinel","suddenlink-communications",7,1
"orlando-sentinel","verizon",8,1
"invisipon","valassis",1,1
"invisipon","catalina-marketing",2,1
"invisipon","you-technology",3,1
"invisipon","cellfire",4,1
"invisipon","news-america-marketing",5,1
"invisipon","ibotta",6,1
"invisipon","whale-shark-media",7,1
"invisipon","insignia-systems",8,1
"inmar","net-rx",3,1
"inmar","highjump-software",4,1
"inmar","novasyte-llc",5,1
"inmar","analytic-partners",6,1
"inmar","iri",7,1
"inmar","npd-group",8,1
"mspark","iwco-direct",2,1
"mspark","mudlick-mail",3,1
"mspark","dmn3",4,1
"mspark","mct",5,1
"mspark","mittera-group",6,1
"mspark","kenscio-digital-marketing-pvt-ltd",7,1
"mspark","world-marketing",8,1
"revtrax","codebroker",1,1
"revtrax","koupon-media",2,1
"revtrax","mobeam",3,1
"revtrax","eversight",4,1
"revtrax","pikato",5,1
"revtrax","ibotta",6,1
"revtrax","coupons-com",7,1
"revtrax","zinmobi",8,1
"sky","bt",1,1
"sky","itv",2,1
"sky","stv",3,1
"sky","orange",4,1
"sky","deutsche-telekom",5,1
"sky","telecom-italia",6,1
"sky","virgin-group",7,1
"sky","utv-ireland",8,1
"channel-2","channel",1,1
"channel-2","stv",2,1
"channel-2","all3media",3,1
"channel-2","tiger-aspect-productions",4,1
"channel-2","sky",5,1
"channel-2","bt",6,1
"channel-2","utv-ireland",7,1
"channel-2","arcadis",8,1
"wazee-digital","ooyala",1,1
"wazee-digital","brightcove",2,1
"wazee-digital","vubiquity",3,1
"wazee-digital","clearleap",4,1
"wazee-digital","yare-media-group-inc",5,1
"wazee-digital","ericsson",6,1
"wazee-digital","tvt",7,1
"wazee-digital","itn-2",8,1
"itv","stv",1,1
"itv","bt",2,1
"itv","sky",3,1
"itv","orange",4,1
"itv","deutsche-telekom",5,1
"itv","telecom-italia",6,1
"itv","arcadis",7,1
"itv","jacobs",8,1
"bt","orange",1,1
"bt","deutsche-telekom",2,1
"bt","telecom-italia",3,1
"bt","1-1-internet-se",4,1
"bt","deutsche-glasfaser",5,1
"bt","fuel-broadband",6,1
"bt","electraline",7,1
"bt","gigaclear",8,1
"channel","all3media",1,1
"channel","channel-2",2,1
"channel","tiger-aspect-productions",3,1
"channel","stv",4,1
"channel","bbc-easy",5,1
"channel","filmdoo",6,1
"channel","christian-dior-couture",7,1
"channel","just-for-laughs",8,1
"viacom","discovery-inc",1,1
"viacom","nbcuniversal",2,1
"viacom","sony-pictures-entertainment",3,1
"viacom","time-warner-cable",4,1
"viacom","21st-century-fox",5,1
"viacom","turner-broadcasting",6,1
"viacom","the-walt-disney-company",7,1
"viacom","a-e-television-networks",8,1
"comcast","hulu",1,1
"comcast","adt-security",2,1
"comcast","level-2",3,1
"comcast","vonage",4,1
"comcast","cable-one",5,1
"comcast","time-warner-cable",6,1
"comcast","hbo",7,1
"comcast","starz",8,1
"discovery-inc","viacom",1,1
"discovery-inc","turner-broadcasting",2,1
"discovery-inc","a-e-television-networks",3,1
"discovery-inc","21st-century-fox",4,1
"discovery-inc","bbc",5,1
"discovery-inc","nbcuniversal",6,1
"discovery-inc","the-walt-disney-company",7,1
"discovery-inc","sony-pictures-entertainment",8,1
"nbcuniversal","viacom",1,1
"nbcuniversal","turner-broadcasting",2,1
"nbcuniversal","21st-century-fox",3,1
"nbcuniversal","discovery-inc",4,1
"nbcuniversal","the-walt-disney-company",5,1
"nbcuniversal","disney-abc-television-group",6,1
"nbcuniversal","cbs-corporation",7,1
"nbcuniversal","netflix",8,1
"sony-pictures-entertainment","universal",1,1
"sony-pictures-entertainment","the-walt-disney-company",2,1
"sony-pictures-entertainment","viacom",3,1
"sony-pictures-entertainment","newscorporation",4,1
"sony-pictures-entertainment","seaworld-parks-entertainment",5,1
"sony-pictures-entertainment","freemantle-media",6,1
"sony-pictures-entertainment","cbs-corporation",7,1
"sony-pictures-entertainment","cedar-fair-entertainment-company",8,1
"universal","seaworld-parks-entertainment",1,1
"universal","cedar-fair-entertainment-company",2,1
"universal","sony-pictures-entertainment",3,1
"universal","the-walt-disney-company",4,1
"universal","six-flags",5,1
"universal","mpr",6,1
"universal","jerry-zhou",7,1
"universal","viacom",8,1
"comcast-spotlight","cumulus-media-partners",1,1
"comcast-spotlight","cbs-corporation",2,1
"comcast-spotlight","wbal-tv",3,1
"comcast-spotlight","wbal",4,1
"comcast-spotlight","the-baltimore-sun",5,1
"comcast-spotlight","dex-media",6,1
"comcast-spotlight","fox45-news",7,1
"comcast-spotlight","wbin-tv",8,1
"nbc","newscorporation",1,1
"nbc","cumulus-media-partners",2,1
"nbc","comcast-spotlight",3,1
"nbc","fox-interactive-media",4,1
"nbc","cbs-corporation",5,1
"nbc","warner-bros",6,1
"nbc","idg-communications-3",7,1
"nbc","townsquare-media",8,1
"fox-interactive-media","cbs-corporation",1,1
"fox-interactive-media","cnn-com",2,1
"fox-interactive-media","g-g-fitness-equipment",3,1
"fox-interactive-media","newscorporation",4,1
"fox-interactive-media","mtv-networks",5,1
"fox-interactive-media","vh1",6,1
"fox-interactive-media","cumulus-media-partners",7,1
"fox-interactive-media","cbs",8,1
"warner-bros","walt-disney-studios",1,1
"warner-bros","paramount-pictures",2,1
"warner-bros","cbs-corporation",3,1
"warner-bros","the-walt-disney-company",4,1
"warner-bros","netflix",5,1
"warner-bros","sony-pictures-entertainment",6,1
"warner-bros","dreamworks-animation",7,1
"warner-bros","newscorporation",8,1
"townsquare-media","entercom-communications",1,1
"townsquare-media","clear-channel-communications",2,1
"townsquare-media","cumulus-media-partners",3,1
"townsquare-media","iheartradio",4,1
"townsquare-media","pandora",5,1
"townsquare-media","deezer",6,1
"townsquare-media","elocal-usa",7,1
"townsquare-media","hgst",8,1
"entercom-communications","townsquare-media",1,1
"entercom-communications","clear-channel-communications",2,1
"entercom-communications","iheartradio",3,1
"entercom-communications","cumulus-media-partners",4,1
"entercom-communications","pandora",5,1
"entercom-communications","tunein-inc",6,1
"entercom-communications","live365",7,1
"entercom-communications","spotify",8,1
"clear-channel-communications","entercom-communications",1,1
"clear-channel-communications","townsquare-media",2,1
"clear-channel-communications","cumulus-media-partners",3,1
"clear-channel-communications","iheartradio",4,1
"clear-channel-communications","pandora",5,1
"clear-channel-communications","hgst",6,1
"clear-channel-communications","tunein-inc",7,1
"clear-channel-communications","live365",8,1
"iheartradio","pandora",1,1
"iheartradio","tunein-inc",2,1
"iheartradio","deezer",3,1
"iheartradio","live365",4,1
"iheartradio","spotify",5,1
"iheartradio","entercom-communications",6,1
"iheartradio","wbt",7,1
"iheartradio","sirius",8,1
"pandora","deezer",1,1
"pandora","spotify",2,1
"pandora","sirius",3,1
"pandora","napster",4,1
"pandora","tidal",5,1
"pandora","8tracks",6,1
"pandora","tunein-inc",7,1
"pandora","guvera",8,1
"hgst","seagate",1,1
"hgst","toshiba",2,1
"hgst","toyota",3,1
"hgst","ford",4,1
"hgst","ford",4,1
"hgst","honda-automobiles",5,1
"hgst","volkswagenag",6,1
"hgst","volkswagen-group",6,1
"hgst","nissan-motor",7,1
"hgst","general-motors",8,1
"tunein-inc","iheartradio",1,1
"tunein-inc","scatterradio",2,1
"tunein-inc","radionomy",3,1
"tunein-inc","pandora",4,1
"tunein-inc","wour-fm",5,1
"tunein-inc","deezer",6,1
"tunein-inc","earbits",7,1
"tunein-inc","live365",8,1
"live365","tunein-inc",1,1
"live365","8tracks",2,1
"live365","radionomy",3,1
"live365","dsl-radio",4,1
"live365","wour-fm",5,1
"live365","web-radio",6,1
"live365","radioliveonair",7,1
"live365","mmp",8,1
"cbs-radio","sirius",1,1
"cbs-radio","emmis-communications",2,1
"cbs-radio","salem-media-group",3,1
"cbs-radio","pandora",4,1
"cbs-radio","radio-one",5,1
"cbs-radio","saga-communications",6,1
"cbs-radio","iheartradio",7,1
"cbs-radio","clear-channel-communications",8,1
"emmis-communications","sirius",1,1
"emmis-communications","cbs-radio",2,1
"emmis-communications","radio-one",3,1
"emmis-communications","entercom-communications",4,1
"emmis-communications","pandora",5,1
"emmis-communications","saga-communications",6,1
"emmis-communications","townsquare-media",7,1
"emmis-communications","salem-media-group",8,1
"radio-one","sirius",1,1
"radio-one","cbs-radio",2,1
"radio-one","entercom-communications",3,1
"radio-one","clear-channel-communications",4,1
"radio-one","townsquare-media",5,1
"radio-one","pandora",6,1
"radio-one","cumulus-media-partners",7,1
"radio-one","emmis-communications",8,1
"sirius","pandora",1,1
"sirius","cbs-radio",2,1
"sirius","deezer",3,1
"sirius","spotify",4,1
"sirius","radio-one",5,1
"sirius","emmis-communications",6,1
"sirius","salem-media-group",7,1
"sirius","napster",8,1
"a-h-belo-corporation","journal-media-group",1,1
"a-h-belo-corporation","cox-media",2,1
"a-h-belo-corporation","gannett",3,1
"a-h-belo-corporation","the-tribune-company",4,1
"a-h-belo-corporation","the-tribune-company",5,1
"a-h-belo-corporation","the-mcclatchy-company",6,1
"a-h-belo-corporation","e-w-scripps",7,1
"a-h-belo-corporation","the-guardian",8,1
"lee-enterprises-llc","gannett",1,1
"lee-enterprises-llc","the-mcclatchy-company",2,1
"lee-enterprises-llc","e-w-scripps",3,1
"lee-enterprises-llc","journal-media-group",4,1
"lee-enterprises-llc","gatehouse-media-inc",5,1
"lee-enterprises-llc","hearstcorporation",6,1
"lee-enterprises-llc","newyorktimes",7,1
"lee-enterprises-llc","meredith",8,1
"crain-communications","american-city-business-journals",1,1
"crain-communications","dow-jones",2,1
"crain-communications","gannett",3,1
"crain-communications","meccom",4,1
"crain-communications","pennwell-corporation",5,1
"crain-communications","access-intelligence",6,1
"crain-communications","wall-street-journal",7,1
"crain-communications","business-insider",8,1
"access-intelligence","crain-communications",1,1
"access-intelligence","american-city-business-journals",2,1
"access-intelligence","ims-cloud",3,1
"access-intelligence","1105-media-inc",4,1
"access-intelligence","questex",5,1
"access-intelligence","pennwell-corporation",6,1
"access-intelligence","dow-jones",7,1
"access-intelligence","wall-street-journal",8,1
"linkedin","careerbuilder-com",1,1
"linkedin","glassdoor",2,1
"linkedin","ziprecruiter",3,1
"linkedin","indeed",4,1
"linkedin","monster",5,1
"linkedin","hired",6,1
"linkedin","dice-com",7,1
"linkedin","simply-hired",8,1
"time-magazine","forbes",1,1
"time-magazine","wall-street-journal",2,1
"time-magazine","newyorktimes",3,1
"time-magazine","buzzfeed",4,1
"time-magazine","financial-times",5,1
"time-magazine","huffingtonpost",6,1
"time-magazine","the-economist-group",8,1
"inc-magazine","entrepreneur-com",1,1
"inc-magazine","wall-street-journal",2,1
"inc-magazine","financial-times",3,1
"inc-magazine","newyorktimes",4,1
"inc-magazine","fortune-magazine",5,1
"inc-magazine","the-economist-group",6,1
"inc-magazine","forbes",7,1
"inc-magazine","time-magazine",8,1
"independent","the-guardian",1,1
"independent","telegraph-media-group",2,1
"independent","news-uk",3,1
"independent","newyorktimes",4,1
"independent","the-standard-digital",5,1
"independent","the-economist-group",6,1
"independent","newscorporation",7,1
"independent","time",8,1
"news-uk","the-guardian",1,1
"news-uk","telegraph-media-group",2,1
"news-uk","independent",3,1
"news-uk","the-economist-group",4,1
"news-uk","newyorktimes",7,1
"news-uk","financial-times",8,1
"the-standard-digital","the-guardian",1,1
"the-standard-digital","telegraph-media-group",2,1
"the-standard-digital","independent",3,1
"the-standard-digital","news-uk",4,1
"the-standard-digital","newyorktimes",5,1
"the-standard-digital","the-economist-group",6,1
"the-standard-digital","newscorporation",7,1
"the-standard-digital","time",8,1
"u-s-news","the-economist-group",1,1
"u-s-news","newyorktimes",3,1
"u-s-news","financial-times",4,1
"u-s-news","forbes",5,1
"u-s-news","wall-street-journal",6,1
"u-s-news","time",8,1
"wired-magazine","fast-company",2,1
"wired-magazine","entrepreneur-com",3,1
"wired-magazine","small-business-trends",4,1
"wired-magazine","forbes",5,1
"buzzfeed","mashable",1,1
"nationswell","fast-company",2,1
"nationswell","buzzfeed",3,1
"nationswell","wired-magazine",5,1
"nationswell","entrepreneur-com",6,1
"nationswell","mashable",8,1
"carplace","buzzfeed",2,1
"carplace","fast-company",3,1
"carplace","mashable",4,1
"carplace","wired-magazine",7,1
"gigaom","venturebeat",1,1
"gigaom","techcrunch",2,1
"gigaom","mashable",3,1
"gigaom","fast-company",4,1
"gigaom","wired-magazine",8,1
"american-bar-association","harvard-business-review",3,1
"american-bar-association","wall-street-journal",8,1
"small-business-trends","wired-magazine",1,1
"small-business-trends","entrepreneur-com",4,1
"small-business-trends","fast-company",5,1
"small-business-trends","forbes",8,1
"southern-california-firewood","entrepreneur-com",8,1
"psychicleo","entrepreneur-com",8,1
"california-dental-institute","entrepreneur-com",8,1
"eljaytunes","entrepreneur-com",1,1
"eljaytunes","small-business-trends",5,1
"eljaytunes","southern-california-firewood",7,1
"eljaytunes","psychicleo",8,1
"mashable","buzzfeed",1,1
"techcrunch","wired-magazine",2,1
"techcrunch","venturebeat",3,1
"techcrunch","business-insider",4,1
"techcrunch","gigaom",5,1
"techcrunch","mashable",7,1
"venturebeat","techcrunch",1,1
"venturebeat","business-insider",2,1
"venturebeat","wired-magazine",4,1
"venturebeat","mashable",5,1
"venturebeat","gigaom",6,1
"the-next-web","techcrunch",1,1
"the-next-web","venturebeat",4,1
"the-next-web","business-insider",5,1
"the-next-web","wired-magazine",8,1
"the-business-journals","business-insider",2,1
"the-business-journals","wall-street-journal",4,1
"the-business-journals","cnn-com",5,1
"the-business-journals","newyorktimes",6,1
"the-business-journals","mashable",7,1
"the-fiscal-times","politico",3,1
"the-fiscal-times","wall-street-journal",4,1
"the-fiscal-times","financial-times",5,1
"the-fiscal-times","forbes",6,1
"the-fiscal-times","newyorktimes",7,1
"bloomberg-government","legistorm",1,1
"bloomberg-government","roll-call-group",2,1
"bloomberg-government","politico",3,1
"bloomberg-government","the-fiscal-times",4,1
"legistorm","roll-call-group",1,1
"legistorm","politico",2,1
"legistorm","bloomberg-government",4,1
"roll-call-group","politico",2,1
"roll-call-group","legistorm",4,1
"roll-call-group","bloomberg-government",5,1
"huffingtonpost","buzzfeed",1,1
"huffingtonpost","newyorktimes",2,1
"huffingtonpost","mashable",4,1
"huffingtonpost","newscorporation",6,1
"huffingtonpost","wall-street-journal",8,1
"bna","thomson-reuters",5,1
"bna","wolters-kluwer",6,1
"bna","lexisnexis",7,1
"tracxn","datafox",1,1
"tracxn","insideview",2,1
"tracxn","owler",5,1
"tracxn","pitchbook-data",6,1
"tracxn","dnb",7,1
"tracxn","dun-and-bradstreet-corporation",7,1
"tracxn","zoominfo",8,1
"insideview","zoominfo",1,1
"insideview","datafox",2,1
"insideview","duedil",3,1
"insideview","dnb",4,1
"insideview","dun-and-bradstreet-corporation",4,1
"insideview","pitchbook-data",5,1
"insideview","owler",6,1
"insideview","tracxn",8,1
"datafox","insideview",1,1
"datafox","dnb",2,1
"datafox","dun-and-bradstreet-corporation",2,1
"datafox","pitchbook-data",3,1
"datafox","owler",4,1
"datafox","tracxn",5,1
"datafox","zoominfo",7,1
"datafox","duedil",8,1
"owler","insideview",1,1
"owler","datafox",2,1
"owler","dnb",3,1
"owler","dun-and-bradstreet-corporation",3,1
"owler","pitchbook-data",4,1
"owler","zoominfo",5,1
"owler","duedil",6,1
"owler","privco",7,1
"owler","cb-insights",8,1
"dun-and-bradstreet-corporation","bureau-van-dijk",5,1
"dun-and-bradstreet-corporation","insideview",7,1
"zoominfo","insideview",1,1
"zoominfo","datafox",2,1
"zoominfo","pitchbook-data",4,1
"zoominfo","tracxn",5,1
"zoominfo","dnb",6,1
"zoominfo","dun-and-bradstreet-corporation",6,1
"zoominfo","owler",7,1
"zoominfo","duedil",8,1
"duedil","dnb",1,1
"duedil","dun-and-bradstreet-corporation",1,1
"duedil","transunion",4,1
"privco","insideview",1,1
"privco","pitchbook-data",2,1
"privco","dnb",3,1
"privco","dun-and-bradstreet-corporation",3,1
"privco","zoominfo",4,1
"privco","owler",5,1
"privco","tracxn",6,1
"privco","datafox",7,1
"bureau-van-dijk","transunion",4,1
"bureau-van-dijk","equifax",6,1
"dealogic","thomson-reuters",1,1
"dealogic","bloomberg",3,1
"dealogic","mergermarket",5,1
"dealogic","lex-machina",7,1
"dealogic","the-deal-llc",8,1
"the-deal-llc","mergermarket",1,1
"the-deal-llc","dealogic",2,1
"the-deal-llc","bloomberg",3,1
"the-deal-llc","thomson-reuters",4,1
"cb-insights","pitchbook-data",1,1
"cb-insights","datafox",2,1
"cb-insights","insideview",3,1
"cb-insights","owler",4,1
"cb-insights","tracxn",5,1
"cb-insights","privco",6,1
"cb-insights","dnb",7,1
"cb-insights","dun-and-bradstreet-corporation",7,1
"cb-insights","duedil",8,1
"factset","msci",1,1
"factset","morningstar",2,1
"factset","fitch-ratings",3,1
"factset","moodys-investors-service",4,1
"factset","capital-iq",5,1
"factset","s-p-global",5,1
"factset","dbrs",6,1
"factset","mcgraw-hill-financial",7,1
"algomi-ltd","inforeach",3,1
"algomi-ltd","fidessa",8,1
"trueex","tradeweb",1,1
"trueex","algomi-ltd",2,1
"trueex","marketaxess",3,1
"trueex","mts-systems",4,1
"trueex","nex-group",5,1
"trueex","airex-inc-",6,1
"trueex","osisoft",8,1
"marketaxess","algomi-ltd",3,1
"marketaxess","bloomberg",4,1
"marketaxess","tradeweb",5,1
"mts-systems","moog",1,1
"nex-group","bloomberg",4,1
"nex-group","thomson-reuters",6,1
"nex-group","dow-jones",7,1
"nex-group","pitchbook-data",8,1
"airex-inc-","algomi-ltd",2,1
"wolters-kluwer","lexisnexis",1,1
"wolters-kluwer","mitratech-holdings-inc",2,1
"wolters-kluwer","serengeti-law",3,1
"wolters-kluwer","bureau-van-dijk",4,1
"wolters-kluwer","thomson-reuters",5,1
"wolters-kluwer","equifax",7,1
"ubm","reed-elsevier-plc",2,1
"ubm","lexisnexis",3,1
"ubm","wolters-kluwer",4,1
"ubm","thomson-reuters",5,1
"ubm","lex-machina",6,1
"ubm","bloomberg",7,1
"mitratech-holdings-inc","thomson-reuters",2,1
"mitratech-holdings-inc","lexisnexis",3,1
"mitratech-holdings-inc","bloomberg",4,1
"mitratech-holdings-inc","lex-machina",5,1
"mitratech-holdings-inc","mcgraw-hill-financial",8,1
"serengeti-law","mitratech-holdings-inc",1,1
"serengeti-law","wolters-kluwer",2,1
"google","apple",1,1
"google","microsoft",2,1
"google","facebook",5,1
"google","box",6,1
"iac","aol",1,1
"iac","google",3,1
"iac","newscorporation",4,1
"iac","vox-media",5,1
"iac","hearstcorporation",6,1
"iac","tapad",7,1
"iac","buzzfeed",8,1
"vox-media","buzzfeed",1,1
"vox-media","aol",2,1
"vox-media","mashable",5,1
"microsoft","apple",4,1
"microsoft","google",6,1
"apple","microsoft",2,1
"apple","google",5,1
"televisa","azteca",1,1
"televisa","produ",2,1
"televisa","engaged-media-inc-",3,1
"televisa","turner-broadcasting",4,1
"televisa","gtxcel",5,1
"televisa","davler-media-group",6,1
"gtxcel","issuu",1,1
"davler-media-group","newyorktimes",2,1
"davler-media-group","newscorporation",4,1
"davler-media-group","time",5,1
"davler-media-group","the-business-journals",6,1
"davler-media-group","wall-street-journal",7,1
"davler-media-group","business-insider",8,1
"azteca","televisa",1,1
"azteca","produ",2,1
"azteca","engaged-media-inc-",3,1
"azteca","turner-broadcasting",4,1
"azteca","gtxcel",5,1
"azteca","davler-media-group",6,1
"issuu","gtxcel",8,1
"produ","turner-broadcasting",1,1
"produ","hulu",4,1
"produ","viacom",6,1
"produ","netflix",7,1
"hoffmann","televisa",1,1
"hoffmann","engaged-media-inc-",2,1
"hoffmann","gtxcel",3,1
"hoffmann","davler-media-group",4,1
"hoffmann","azteca",5,1
"hoffmann","produ",6,1
"hoffmann","issuu",7,1
"hoffmann","meredith",8,1
"elsevier","wolters-kluwer",1,1
"elsevier","taylor-francis-group",2,1
"elsevier","wiley",3,1
"elsevier","mcgraw-hill-education",7,1
"wiley","mcgraw-hill-education",1,1
"wiley","pearson",2,1
"wiley","elsevier",3,1
"wiley","wolters-kluwer",4,1
"wiley","taylor-francis-group",8,1
"nejm-group","bmj-group",1,1
"nejm-group","elsevier",2,1
"nejm-group","wolters-kluwer",3,1
"nejm-group","wiley",4,1
"nejm-group","mcgraw-hill-education",6,1
"nejm-group","taylor-francis-group",7,1
"nejm-group","wiley-blackwell",8,1
"mcgraw-hill-education","pearson",2,1
"mcgraw-hill-education","wiley",6,1
"taylor-francis-group","elsevier",1,1
"taylor-francis-group","wolters-kluwer",4,1
"taylor-francis-group","wiley-blackwell",5,1
"taylor-francis-group","mcgraw-hill-education",6,1
"taylor-francis-group","wiley",8,1
"wiley-blackwell","taylor-francis-group",1,1
"wiley-blackwell","wolters-kluwer",2,1
"wiley-blackwell","elsevier",5,1
"wiley-blackwell","mcgraw-hill-education",8,1
"pearson","mcgraw-hill-education",1,1
"pearson","wiley",4,1
"cnn-com","newyorktimes",1,1
"cnn-com","vox-media",4,1
"cnn-com","newscorporation",5,1
"cnn-com","thomson-reuters",6,1
"cnn-com","time",7,1
"stv","sky",1,1
"stv","bt",2,1
"stv","utv-ireland",3,1
"stv","arcadis",4,1
"stv","itv",6,1
"stv","jacobs",7,1
"s-p-global","dbrs",1,1
"s-p-global","pitchbook-data",2,1
"s-p-global","tracxn",6,1
"s-p-global","thomson-reuters",7,1
"dbrs","corelogic",1,1
"dbrs","transunion",2,1
"dbrs","equifax",3,1
"dbrs","moodys-investors-service",4,1
"dbrs","fitch-ratings",5,1
"dbrs","morningstar",6,1
"dbrs","standard-poor-s",7,1
"dbrs","capital-iq",8,1
"dbrs","s-p-global",8,1
"morningstar","msci",1,1
"morningstar","factset",2,1
"morningstar","moodys-investors-service",3,1
"morningstar","fitch-ratings",4,1
"morningstar","capital-iq",5,1
"morningstar","s-p-global",5,1
"morningstar","dbrs",6,1
"morningstar","mcgraw-hill-financial",7,1
"morningstar","standard-poor-s",8,1
"standard-poor-s","bloomberg",1,1
"standard-poor-s","lex-machina",2,1
"standard-poor-s","lexisnexis",3,1
"standard-poor-s","mcgraw-hill-financial",4,1
"standard-poor-s","thomson-reuters",5,1
"standard-poor-s","pitchbook-data",6,1
"standard-poor-s","dow-jones",7,1
"standard-poor-s","mergermarket",8,1
"msci","dbrs",2,1
"msci","transunion",6,1
"msci","equifax",7,1
"ravel-law","premonition",1,1
"ravel-law","lex-machina",4,1
"ravel-law","thomson-reuters",5,1
"ravel-law","equifax",6,1
"ravel-law","manzama",7,1
"premonition","ravel-law",1,1
"premonition","lex-machina",2,1
"premonition","thomson-reuters",3,1
"premonition","bloomberg",4,1
"premonition","lexisnexis",5,1
"premonition","manzama",7,1
"manzama","thomson-reuters",1,1
"manzama","lex-machina",2,1
"manzama","bloomberg",3,1
"manzama","lexisnexis",5,1
"manzama","mcgraw-hill-financial",6,1
"manzama","pitchbook-data",7,1
"manzama","dow-jones",8,1
"nikkei","uzabase",1,1
"nikkei","mcgraw-hill-financial",3,1
"nikkei","thomson-reuters",8,1
"equifax","transunion",1,1
"equifax","corelogic",2,1
"equifax","fitch-ratings",3,1
"equifax","moodys-investors-service",5,1
"equifax","morningstar",7,1
"tlo","duedil",2,1
"tlo","thomson-reuters",4,1
"tlo","lexisnexis",6,1
"tlo","dnb",7,1
"tlo","dun-and-bradstreet-corporation",7,1
"tlo","bloomberg",8,1
"transunion","equifax",1,1
"transunion","corelogic",2,1
"transunion","fitch-ratings",4,1
"corelogic","transunion",1,1
"corelogic","equifax",2,1
"corelogic","fitch-ratings",3,1
"corelogic","moodys-investors-service",5,1
"corelogic","morningstar",6,1
"issuer-direct","broadridge",2,1
"issuer-direct","ss-c-technologies",8,1
"messer-financial-software","broadridge",1,1
"messer-financial-software","ss-c-technologies",2,1
"messer-financial-software","sungard",3,1
"messer-financial-software","issuer-direct",4,1
"messer-financial-software","fidessa",6,1
"messer-financial-software","advent-software",8,1
"charles-river-development","advent-software",1,1
"charles-river-development","vantage-software",2,1
"charles-river-development","information-mosaic",4,1
"charles-river-development","clearserve",5,1
"electra-information-systems","ss-c-technologies",1,1
"electra-information-systems","sungard",3,1
"electra-information-systems","broadridge",5,1
"electra-information-systems","advent-software",7,1
"electra-information-systems","indus-valley-partners",8,1
"vantage-software","advent-software",5,1
"objectway","temenos",1,1
"objectway","advent-software",2,1
"objectway","avaloq-2",3,1
"objectway","misys",4,1
"objectway","calypso-technology",7,1
"clearserve","advent-software",1,1
"clearserve","bloomberg",2,1
"clearserve","sungard",3,1
"clearserve","thomson-reuters",4,1
"clearserve","dow-jones",5,1
"clearserve","pitchbook-data",6,1
"clearserve","murex",7,1
"clearserve","broadridge",8,1
"vichara-technologies","advent-software",3,1
"information-mosaic","charles-river-development",1,1
"information-mosaic","advent-software",4,1
"information-mosaic","ss-c-technologies",5,1
"information-mosaic","sungard",7,1
"information-mosaic","broadridge",8,1
"fundcount","vantage-software",1,1
"fundcount","advent-software",2,1
"fundcount","objectway",6,1
"fundcount","clearserve",8,1
"ullink","fidessa",1,1
"ullink","trading-technologies",2,1
"ullink","insync-analytics",3,1
"ullink","traiana",4,1
"ullink","inforeach",5,1
"ullink","cactus-wellhead-llc",6,1
"ullink","fixnetix",7,1
"trading-technologies","fidessa",1,1
"trading-technologies","ullink",2,1
"trading-technologies","traiana",3,1
"trading-technologies","inforeach",5,1
"traiana","trading-technologies",1,1
"traiana","ullink",2,1
"traiana","fidessa",3,1
"traiana","sungard",5,1
"traiana","thomson-reuters",8,1
"insync-analytics","ullink",1,1
"insync-analytics","fidessa",2,1
"insync-analytics","trading-technologies",3,1
"insync-analytics","bloomberg",6,1
"insync-analytics","cactus-wellhead-llc",7,1
"insync-analytics","traiana",8,1
"inforeach","fidessa",1,1
"inforeach","trading-technologies",3,1
"inforeach","ullink",5,1
"inforeach","sungard",6,1
"risk-focus","murex",1,1
"risk-focus","calypso-technology",2,1
"risk-focus","misys",3,1
"risk-focus","sungard",5,1
"risk-focus","advent-software",8,1
"ion-group","murex",1,1
"ion-group","advent-software",2,1
"ion-group","calypso-technology",3,1
"ion-group","risk-focus",4,1
"ion-group","sungard",5,1
"ion-group","misys",6,1
"ion-group","derivative-path-inc",7,1
"derivative-path-inc","openlink",1,1
"derivative-path-inc","calypso-technology",3,1
"derivative-path-inc","murex",5,1
"derivative-path-inc","eka-software-solutions",6,1
"derivative-path-inc","allegro-development-corporation",7,1
"derivative-path-inc","advent-software",8,1
"temenos","misys",2,1
"temenos","calypso-technology",8,1
"avaloq-2","misys",1,1
"avaloq-2","temenos",2,1
"avaloq-2","calypso-technology",3,1
"avaloq-2","murex",6,1
"avaloq-2","advent-software",7,1
"rm-plc","calypso-technology",1,1
"rm-plc","misys",2,1
"rm-plc","temenos",3,1
"rm-plc","murex",4,1
"rm-plc","avaloq-2",5,1
"rm-plc","risk-focus",6,1
"rm-plc","d-h",7,1
"rm-plc","advent-software",8,1
"eka-software-solutions","openlink",1,1
"eka-software-solutions","datagenic",2,1
"eka-software-solutions","movius-interactive",3,1
"eka-software-solutions","allegro-development-corporation",5,1
"eka-software-solutions","marketview",6,1
"eka-software-solutions","enertia-software",7,1
"allegro-development-corporation","openlink",1,1
"allegro-development-corporation","eka-software-solutions",2,1
"allegro-development-corporation","datagenic",3,1
"allegro-development-corporation","enertia-software",4,1
"allegro-development-corporation","marketview",5,1
"allegro-development-corporation","movius-interactive",7,1
"datagenic","eka-software-solutions",1,1
"datagenic","allegro-development-corporation",2,1
"datagenic","openlink",4,1
"datagenic","movius-interactive",5,1
"datagenic","enertia-software",7,1
"datagenic","marketview",8,1
"compliance-science","openlink",6,1
"starcompliance","compliance-science",1,1
"starcompliance","murex",5,1
"starcompliance","calypso-technology",6,1
"marketview","datagenic",1,1
"marketview","eka-software-solutions",2,1
"marketview","openlink",4,1
"marketview","movius-interactive",5,1
"marketview","allegro-development-corporation",6,1
"bright-house-networks","dish-network",1,1
"bright-house-networks","directv",2,1
"bright-house-networks","cablevision-systems",3,1
"bright-house-networks","suddenlink-communications",4,1
"bright-house-networks","verizon",5,1
"bright-house-networks","netflix",6,1
"bright-house-networks","time-warner-cable",8,1
"ibotta","cellfire",3,1
"ibotta","whale-shark-media",7,1
"whale-shark-media","coupons-com",3,1
"vestcom-international-inc","insignia-systems",1,1
"vestcom-international-inc","itway-s-p-a",2,1
"vestcom-international-inc","news-america-marketing",6,1
"vestcom-international-inc","valassis",7,1
"dish-network","verizon",1,1
"dish-network","time-warner-cable",3,1
"dish-network","netflix",4,1
"dish-network","comcast",7,1
"directv","netflix",1,1
"directv","verizon",2,1
"directv","hulu",6,1
"directv","hbo",7,1
"cablevision-systems","cable-one",2,1
"cablevision-systems","time-warner-cable",4,1
"suddenlink-communications","dish-network",2,1
"suddenlink-communications","time-warner-cable",6,1
"suddenlink-communications","verizon",7,1
"verizon","time-warner-cable",7,1
"verizon","comcast",8,1
"catalina-marketing","iri",2,1
"catalina-marketing","coupons-com",5,1
"catalina-marketing","npd-group",6,1
"you-technology","invisipon",1,1
"you-technology","valassis",2,1
"you-technology","catalina-marketing",3,1
"you-technology","news-america-marketing",4,1
"you-technology","cellfire",5,1
"you-technology","ibotta",6,1
"you-technology","whale-shark-media",7,1
"you-technology","newscorporation",8,1
"cellfire","ibotta",3,1
"novasyte-llc","inmar",3,1
"iri","npd-group",1,1
"iri","wgsn",2,1
"npd-group","iri",1,1
"npd-group","wgsn",4,1
"iwco-direct","mspark",2,1
"iwco-direct","dmn3",3,1
"iwco-direct","mct",4,1
"iwco-direct","mittera-group",5,1
"iwco-direct","mudlick-mail",7,1
"mct","iwco-direct",1,1
"mct","mspark",5,1
"mct","dmn3",6,1
"mct","mittera-group",7,1
"mittera-group","iwco-direct",3,1
"codebroker","revtrax",2,1
"codebroker","koupon-media",4,1
"codebroker","pikato",5,1
"codebroker","zinmobi",8,1
"koupon-media","mobeam",1,1
"koupon-media","revtrax",4,1
"koupon-media","zinmobi",8,1
"mobeam","koupon-media",4,1
"mobeam","revtrax",7,1
"eversight","koupon-media",1,1
"eversight","revtrax",2,1
"eversight","codebroker",3,1
"eversight","mobeam",5,1
"pikato","codebroker",3,1
"pikato","revtrax",4,1
"pikato","koupon-media",8,1
"coupons-com","whale-shark-media",1,1
"zinmobi","koupon-media",1,1
"zinmobi","codebroker",2,1
"zinmobi","revtrax",3,1
"zinmobi","mobeam",5,1
"zinmobi","pikato",8,1
"orange","bt",1,1
"orange","telecom-italia",2,1
"orange","deutsche-telekom",3,1
"orange","1-1-internet-se",4,1
"orange","google",6,1
"orange","deutsche-glasfaser",7,1
"deutsche-telekom","1-1-internet-se",1,1
"deutsche-telekom","deutsche-glasfaser",2,1
"deutsche-telekom","orange",7,1
"telecom-italia","bt",1,1
"telecom-italia","orange",2,1
"telecom-italia","deutsche-telekom",3,1
"telecom-italia","1-1-internet-se",4,1
"telecom-italia","deutsche-glasfaser",5,1
"utv-ireland","channel",1,1
"utv-ireland","channel-2",3,1
"utv-ireland","stv",7,1
"all3media","channel",1,1
"all3media","tiger-aspect-productions",2,1
"all3media","channel-2",3,1
"all3media","stv",4,1
"all3media","bbc-easy",5,1
"all3media","just-for-laughs",7,1
"tiger-aspect-productions","channel",1,1
"tiger-aspect-productions","all3media",2,1
"tiger-aspect-productions","channel-2",3,1
"tiger-aspect-productions","stv",7,1
"arcadis","jacobs",1,1
"ooyala","yare-media-group-inc",4,1
"ooyala","brightcove",5,1
"brightcove","ooyala",1,1
"brightcove","yare-media-group-inc",2,1
"brightcove","clearleap",6,1
"vubiquity","clearleap",1,1
"vubiquity","ooyala",7,1
"clearleap","ooyala",1,1
"clearleap","yare-media-group-inc",5,1
"clearleap","brightcove",6,1
"yare-media-group-inc","brightcove",1,1
"yare-media-group-inc","ooyala",3,1
"yare-media-group-inc","clearleap",6,1
"tvt","wazee-digital",1,1
"tvt","ooyala",2,1
"tvt","vubiquity",3,1
"tvt","brightcove",4,1
"tvt","yare-media-group-inc",5,1
"tvt","ericsson",6,1
"tvt","itn-2",7,1
"tvt","clearleap",8,1
"jacobs","arcadis",2,1
"1-1-internet-se","deutsche-telekom",1,1
"deutsche-glasfaser","deutsche-telekom",1,1
"deutsche-glasfaser","1-1-internet-se",3,1
"fuel-broadband","gigaclear",7,1
"electraline","bt",1,1
"electraline","telecom-italia",3,1
"electraline","orange",4,1
"electraline","deutsche-telekom",5,1
"gigaclear","fuel-broadband",6,1
"gigaclear","bt",7,1
"filmdoo","hulu",8,1
"just-for-laughs","tiger-aspect-productions",3,1
"just-for-laughs","channel",5,1
"just-for-laughs","all3media",7,1
"just-for-laughs","channel-2",8,1
"time-warner-cable","verizon",1,1
"time-warner-cable","directv",2,1
"21st-century-fox","viacom",1,1
"21st-century-fox","discovery-inc",2,1
"21st-century-fox","turner-broadcasting",3,1
"21st-century-fox","nbcuniversal",4,1
"21st-century-fox","disney-abc-television-group",5,1
"21st-century-fox","netflix",6,1
"21st-century-fox","sony-pictures-entertainment",7,1
"21st-century-fox","cbs-corporation",8,1
"turner-broadcasting","viacom",1,1
"turner-broadcasting","nbcuniversal",2,1
"turner-broadcasting","discovery-inc",3,1
"turner-broadcasting","21st-century-fox",5,1
"turner-broadcasting","bbc",6,1
"turner-broadcasting","the-walt-disney-company",7,1
"turner-broadcasting","a-e-television-networks",8,1
"a-e-television-networks","discovery-inc",1,1
"a-e-television-networks","viacom",2,1
"a-e-television-networks","turner-broadcasting",3,1
"a-e-television-networks","nbcuniversal",4,1
"a-e-television-networks","cbs-corporation",5,1
"a-e-television-networks","21st-century-fox",6,1
"a-e-television-networks","bbc",7,1
"a-e-television-networks","netflix",8,1
"hulu","hbo",1,1
"hulu","starz",2,1
"hulu","netflix",5,1
"hulu","turner-broadcasting",7,1
"level-2","comcast",2,1
"level-2","hulu",3,1
"level-2","cable-one",4,1
"level-2","time-warner-cable",6,1
"cable-one","verizon",3,1
"cable-one","time-warner-cable",5,1
"time-warner-cable","verizon",1,1
"time-warner-cable","comcast",2,1
"hbo","hulu",1,1
"hbo","starz",2,1
"hbo","turner-broadcasting",8,1
"starz","hbo",1,1
"starz","hulu",2,1
"starz","netflix",4,1
"starz","turner-broadcasting",7,1
"disney-abc-television-group","nbcuniversal",1,1
"disney-abc-television-group","viacom",2,1
"disney-abc-television-group","21st-century-fox",3,1
"disney-abc-television-group","turner-broadcasting",4,1
"disney-abc-television-group","discovery-inc",6,1
"disney-abc-television-group","cbs-corporation",7,1
"netflix","hulu",1,1
"netflix","hbo",2,1
"netflix","starz",6,1
"seaworld-parks-entertainment","cedar-fair-entertainment-company",1,1
"seaworld-parks-entertainment","six-flags",2,1
"freemantle-media","bbc",7,1
"cedar-fair-entertainment-company","six-flags",1,1
"cedar-fair-entertainment-company","seaworld-parks-entertainment",2,1
"six-flags","cedar-fair-entertainment-company",1,1
"six-flags","seaworld-parks-entertainment",2,1
"jerry-zhou","universal",2,1
"jerry-zhou","mpr",3,1
"jerry-zhou","sony-pictures-entertainment",4,1
"jerry-zhou","seaworld-parks-entertainment",5,1
"jerry-zhou","cedar-fair-entertainment-company",6,1
"wbal-tv","comcast-spotlight",2,1
"wbal-tv","cumulus-media-partners",4,1
"wbal-tv","cbs-corporation",5,1
"wbal-tv","wbal",6,1
"wbal-tv","the-baltimore-sun",7,1
"wbal-tv","dex-media",8,1
"wbal","cumulus-media-partners",1,1
"wbal","cbs-corporation",2,1
"wbal","wbal-tv",3,1
"wbal","the-baltimore-sun",4,1
"wbal","dex-media",5,1
"wbal","fox45-news",6,1
"wbal","wbin-tv",7,1
"the-baltimore-sun","cumulus-media-partners",1,1
"the-baltimore-sun","cbs-corporation",2,1
"the-baltimore-sun","wbal-tv",3,1
"the-baltimore-sun","wbal",4,1
"the-baltimore-sun","dex-media",5,1
"the-baltimore-sun","fox45-news",6,1
"the-baltimore-sun","wbin-tv",7,1
"dex-media","comcast-spotlight",8,1
"fox45-news","cumulus-media-partners",1,1
"fox45-news","cbs-corporation",2,1
"fox45-news","wbal-tv",3,1
"fox45-news","wbal",4,1
"fox45-news","the-baltimore-sun",5,1
"fox45-news","dex-media",6,1
"fox45-news","wbin-tv",7,1
"wbin-tv","comcast-spotlight",1,1
"wbin-tv","cbs-corporation",2,1
"wbin-tv","cumulus-media-partners",3,1
"wbin-tv","wbal-tv",5,1
"wbin-tv","wbal",6,1
"wbin-tv","the-baltimore-sun",7,1
"wbin-tv","dex-media",8,1
"idg-communications-3","iri",6,1
"g-g-fitness-equipment","fox-interactive-media",1,1
"g-g-fitness-equipment","cnn-com",2,1
"g-g-fitness-equipment","cbs-corporation",3,1
"g-g-fitness-equipment","mtv-networks",4,1
"g-g-fitness-equipment","vh1",5,1
"g-g-fitness-equipment","cbs",6,1
"g-g-fitness-equipment","nbcuniversal",8,1
"mtv-networks","fox-interactive-media",1,1
"mtv-networks","vh1",4,1
"mtv-networks","cbs-corporation",6,1
"mtv-networks","cnn-com",7,1
"vh1","fox-interactive-media",1,1
"vh1","mtv-networks",2,1
"vh1","cbs-corporation",3,1
"vh1","cnn-com",4,1
"vh1","g-g-fitness-equipment",6,1
"vh1","cbs",7,1
"vh1","newscorporation",8,1
"cbs","fox-interactive-media",1,1
"cbs","cnn-com",2,1
"cbs","cbs-corporation",3,1
"walt-disney-studios","dreamworks-animation",1,1
"walt-disney-studios","warner-bros",3,1
"walt-disney-studios","paramount-pictures",7,1
"paramount-pictures","warner-bros",1,1
"paramount-pictures","sony-pictures-entertainment",2,1
"paramount-pictures","the-walt-disney-company",5,1
"paramount-pictures","walt-disney-studios",6,1
"paramount-pictures","cbs-corporation",8,1
"deezer","tidal",1,1
"deezer","8tracks",2,1
"deezer","tunein-inc",3,1
"deezer","scatterradio",4,1
"deezer","guvera",5,1
"deezer","spotify",6,1
"deezer","napster",7,1
"deezer","pandora",8,1
"elocal-usa","townsquare-media",3,1
"elocal-usa","entercom-communications",7,1
"elocal-usa","clear-channel-communications",8,1
"spotify","deezer",1,1
"spotify","pandora",2,1
"spotify","sirius",3,1
"spotify","tidal",4,1
"spotify","8tracks",5,1
"spotify","napster",6,1
"spotify","tunein-inc",7,1
"spotify","scatterradio",8,1
"wbt","iheartradio",1,1
"wbt","townsquare-media",3,1
"wbt","entercom-communications",4,1
"wbt","pandora",5,1
"wbt","live365",7,1
"wbt","tunein-inc",8,1
"napster","deezer",1,1
"napster","pandora",2,1
"napster","spotify",3,1
"napster","tidal",4,1
"napster","8tracks",5,1
"napster","sirius",6,1
"napster","tunein-inc",7,1
"napster","scatterradio",8,1
"tidal","deezer",1,1
"tidal","8tracks",2,1
"tidal","spotify",4,1
"tidal","tunein-inc",5,1
"tidal","napster",6,1
"tidal","scatterradio",7,1
"tidal","guvera",8,1
"8tracks","tunein-inc",2,1
"8tracks","iheartradio",3,1
"8tracks","live365",4,1
"8tracks","pandora",6,1
"8tracks","wour-fm",7,1
"guvera","deezer",1,1
"guvera","spotify",2,1
"guvera","pandora",3,1
"guvera","sirius",4,1
"guvera","8tracks",5,1
"guvera","tidal",6,1
"guvera","napster",7,1
"guvera","tunein-inc",8,1
"seagate","toshiba",3,1
"toshiba","apple",4,1
"toyota","honda-automobiles",1,1
"toyota","nissan-motor",2,1
"toyota","ford",3,1
"toyota","ford",3,1
"toyota","gm",5,1
"toyota","tatamotors",7,1
"toyota","bmwgroup",8,1
"ford","honda-automobiles",1,1
"ford","toyota",2,1
"ford","nissan-motor",3,1
"ford","gm",5,1
"ford","volkswagenag",7,1
"ford","volkswagen-group",7,1
"ford","chevrolet",8,1
"honda-automobiles","toyota",1,1
"honda-automobiles","nissan-motor",2,1
"honda-automobiles","ford",3,1
"honda-automobiles","ford",3,1
"honda-automobiles","volkswagenag",4,1
"honda-automobiles","volkswagen-group",4,1
"honda-automobiles","gm",5,1
"volkswagen-group","honda-automobiles",1,1
"volkswagen-group","nissan-motor",2,1
"volkswagen-group","toyota",3,1
"volkswagen-group","ford",4,1
"volkswagen-group","ford",4,1
"volkswagen-group","gm",5,1
"volkswagen-group","peugeot1",6,1
"volkswagen-group","toyotapr",7,1
"volkswagen-group","chrysler",8,1
"nissan-motor","acura",2,1
"nissan-motor","honda-automobiles",3,1
"nissan-motor","saicgroup",4,1
"nissan-motor","peugeot1",8,1
"general-motors","honda-automobiles",1,1
"general-motors","nissan-motor",2,1
"general-motors","toyota",3,1
"general-motors","ford",5,1
"general-motors","ford",5,1
"general-motors","chevrolet",7,1
"general-motors","dodge",8,1
"scatterradio","tunein-inc",1,1
"scatterradio","deezer",2,1
"scatterradio","radionomy",3,1
"scatterradio","wour-fm",4,1
"scatterradio","8tracks",6,1
"scatterradio","tidal",7,1
"scatterradio","guvera",8,1
"radionomy","tunein-inc",1,1
"radionomy","earbits",2,1
"radionomy","scatterradio",3,1
"radionomy","iheartradio",5,1
"radionomy","live365",7,1
"radionomy","deezer",8,1
"wour-fm","8tracks",1,1
"wour-fm","tunein-inc",2,1
"wour-fm","live365",3,1
"wour-fm","radionomy",4,1
"wour-fm","iheartradio",6,1
"wour-fm","scatterradio",7,1
"wour-fm","dsl-radio",8,1
"earbits","radionomy",1,1
"earbits","tunein-inc",2,1
"earbits","scatterradio",3,1
"earbits","iheartradio",4,1
"earbits","live365",7,1
"earbits","pandora",8,1
"dsl-radio","mmp",3,1
"dsl-radio","radioliveonair",7,1
"web-radio","dsl-radio",1,1
"web-radio","live365",4,1
"web-radio","mmp",5,1
"web-radio","radioliveonair",8,1
"radioliveonair","live365",2,1
"radioliveonair","web-radio",3,1
"radioliveonair","dsl-radio",4,1
"radioliveonair","mmp",6,1
"mmp","dsl-radio",1,1
"mmp","web-radio",2,1
"mmp","live365",5,1
"mmp","radioliveonair",6,1
"salem-media-group","sirius",1,1
"salem-media-group","cbs-radio",3,1
"salem-media-group","pandora",4,1
"salem-media-group","emmis-communications",6,1
"salem-media-group","entercom-communications",8,1
"saga-communications","entercom-communications",1,1
"saga-communications","cbs-radio",2,1
"saga-communications","emmis-communications",3,1
"saga-communications","sirius",4,1
"saga-communications","townsquare-media",5,1
"saga-communications","pandora",6,1
"saga-communications","clear-channel-communications",7,1
"saga-communications","iheartradio",8,1
"journal-media-group","e-w-scripps",1,1
"journal-media-group","lee-enterprises-llc",2,1
"journal-media-group","the-mcclatchy-company",3,1
"journal-media-group","a-h-belo-corporation",4,1
"journal-media-group","cox-media",5,1
"journal-media-group","newyorktimes",6,1
"journal-media-group","gatehouse-media-inc",7,1
"journal-media-group","hearstcorporation",8,1
"the-tribune-company","gannett",1,1
"the-tribune-company","newyorktimes",2,1
"the-tribune-company","the-mcclatchy-company",3,1
"the-tribune-company","washington-post",4,1
"the-tribune-company","wall-street-journal",5,1
"the-tribune-company","newscorporation",6,1
"the-tribune-company","e-w-scripps",7,1
"the-tribune-company","hearstcorporation",8,1
"gatehouse-media-inc","newyorktimes",1,1
"gatehouse-media-inc","e-w-scripps",2,1
"gatehouse-media-inc","the-mcclatchy-company",3,1
"gatehouse-media-inc","lee-enterprises-llc",5,1
"gatehouse-media-inc","gannett",6,1
"pennwell-corporation","crain-communications",1,1
"pennwell-corporation","1105-media-inc",3,1
"ims-cloud","access-intelligence",1,1
"ims-cloud","crain-communications",4,1
"careerbuilder-com","ziprecruiter",1,1
"careerbuilder-com","indeed",2,1
"careerbuilder-com","dice-com",4,1
"careerbuilder-com","glassdoor",5,1
"careerbuilder-com","monster",6,1
"careerbuilder-com","linkedin",7,1
"careerbuilder-com","hired",8,1
"glassdoor","microsoft",1,1
"glassdoor","apple",5,1
"ziprecruiter","monster",1,1
"ziprecruiter","glassdoor",2,1
"ziprecruiter","dice-com",4,1
"ziprecruiter","indeed",5,1
"ziprecruiter","linkedin",6,1
"ziprecruiter","careerbuilder-com",7,1
"indeed","ziprecruiter",1,1
"indeed","dice-com",2,1
"indeed","careerbuilder-com",3,1
"indeed","glassdoor",4,1
"indeed","linkedin",8,1
"monster","ziprecruiter",1,1
"monster","indeed",2,1
"monster","dice-com",3,1
"monster","glassdoor",4,1
"monster","careerbuilder-com",5,1
"hired","ziprecruiter",1,1
"hired","glassdoor",2,1
"hired","simply-hired",3,1
"simply-hired","ziprecruiter",2,1
"simply-hired","monster",3,1
"simply-hired","glassdoor",4,1
"simply-hired","dice-com",6,1
"simply-hired","linkedin",7,1
"simply-hired","indeed",8,1
"facebook","google",1,1
"facebook","microsoft",2,1
"facebook","apple",3,1
"facebook","linkedin",7,1
