name,company_name_unique,founded_year,founded_date,closed_date,acquired_date,acquired_by_company_name_unique,employees,domain,total_funding_usd,annual_revenue,hq_region,status,ipo_date,independence,stock_symbol_1,stock_symbol_2,competitor_1,competitor_2,competitor_3,competitor_4,competitor_5,competitor_6,competitor_7,competitor_8,competitor_9,competitor_10,notes
The New York Times,newyorktimes,1851,1851-09-18,,,,"3,790",www.nytimes.com,$250M,$1.7B,"New York, New York",Public,1978-01-13,Y,NYSE,NYT,News Corp,Time Inc.,THE WALL STREET JOURNAL,FORTUNE,The Washington Post,Bloomberg,GANNETT,HEARST,,,
News Corp,newscorporation,1979,,,,,"28,000",newscorp.com,$12.5M,$8.4B,"New York, New York",Public,2013-06-28,Y,NASDAQ,NWSA,McGRAW HILL FINANCIAL,SUNGARD,Valassis,ITN,The Walt Disney Company,CBS CORPORATION,Colors,CUMULUS,,,
Time Inc.,time,1922,1922-11-28,,2018-02-26,electra-partners,"7,450",www.ti-media.com,,$2.9B,"New York, New York",Public,2014-05-30,Epiris,NYSE,TIME,The New York Times,News Corp,GANNETT,HEARST,COX Media,McCLATCHY,SCRIPPS,ACBJ,,,"Changed name to ""TI Media"""
THE WALL STREET JOURNAL,wall-street-journal,1889,1889-07-08,,,,"2,200",wsj.com,,$420.5M,"New York, New York",Private,,Dow Jones & Company,,,The New York Times,FINANCIAL TIMES,Forbes,USA TODAY,The Economist,The Guardian,FORTUNE,The Economist Group,,,
FORTUNE,fortune-magazine,1930,,,,,"7,500",fortune.com,,$1.1B,"New York, New York",Product/Brand/Service,,Time Inc,,,THE WALL STREET JOURNAL,FAST COMPANY,Harvard Business Review,Entrepreneur,Bloomberg,The New York Times,Forbes,BUSINESS INSIDER,,,
The Washington Post,washington-post,1877,1877-01-01,,,,"1,339",washingtonpost.com,,$709M,"Washington, District of Columbia",Private,,Graham Holdings Company,,,The Guardian,Tribune Publishing,The New York Times,Time Inc.,The Telegraph,News Corp,POLITICO,THE WALL STREET JOURNAL,,,
Bloomberg,bloomberg,1981,1981-01-01,,,,"19,000",bloomberg.com,$75M,$9.4B,"New York, New York",Private,,Y,,,THOMSON REUTERS,PitchBook,DOW JONES,Mergermarket,Preqin,Tradeweb,RELX Group,S&P Global,,,
GANNETT,gannett,1906,,,,,"15,300",gannett.com,,$3.1B,"McLean, Virginia",Public,1978-01-13,Y,NYSE,GCI,HEARST,Meredith,COX Media,McCLATCHY,ACBJ,SCRIPPS,AOL,Time Inc.,,,
HEARST,hearstcorporation,1887,1887-03-04,,,,"20,000",hearst.com,,$10.8B,"New York, New York",Private,,Y,,,Meredith,Time Inc.,GANNETT,"ENGAGED MEDIA, INC.",BMJ,BBC,The New York Times,McCLATCHY,,,
McGRAW HILL FINANCIAL,mcgraw-hill-financial,1888,,,,,"20,400",www.spglobal.com,,$6.1B,"New York, New York",Public,,Y,NYSE,MHFI,THOMSON REUTERS,MOODY'S,Fitch Ratings,Bloomberg,Lex Machina,S&P Global,UZABASE,LexisNexis,,,"Changed name to ""S&P Global"""
SUNGARD,sungard,1982,,,2015-08-12,fis,"11,731",sungard.com,$316M,$2.7B,"Wayne, Pennsylvania",Private,,"Fidelity National Information Services, Inc.",,,Broadridge,SS&C,SS&C ADVENT,Fidessa,CALYPSO,MUREX,MISYS,OpenLink,,,
Valassis,valassis,1970,,,2013-12-18,harland-clarke-holdings,"3,000",valassis.com,,$2.4B,"Livonia, Michigan",Private,,Harland Clarke Corp.,NYSE,VCI,NEWS AMERICA MARKETING,Insignia,News Corp,Orlando Sentinel,Invisipon,Inmar,Mspark,REVTRAX,,,
ITN,itn-2,1954,,,,,97,itn.co.uk,,$9.6M,"London, England",Private,,Y,,,News Corp,Sky,Channel 4,BBC,WAZEE DIGITAL,ITV,BT,Channel 5,,,
The Walt Disney Company,the-walt-disney-company,1923,1923-10-16,,,,"199,000",thewaltdisneycompany.com,,$57.5B,"Lake Buena Vista, Florida",Public,1978-01-13,Y,NYSE,DIS,Viacom,News Corp,COMCAST,CBS CORPORATION,Discovery Communications,NBCUniversal,Sony Pictures,UNIVERSAL,,,
CBS CORPORATION,cbs-corporation,1928,,,,,"12,700",cbscorporation.com,,$14.3B,"New York, New York",Public,2005-12-16,Y,NYSE,CBS,News Corp,CUMULUS,COMCAST SPOTLIGHT,NBC,FOX,WARNER BROS.,Townsquare,Entercom,,,
Colors,,2007,2007-11,,,,,colorstv.com,,,"Mumbai, India",Private,,Y,,,,,,,,,,,,,
CUMULUS,cumulus-media-partners,1997,,,,,"3,515",cumulus.com,$106.4M,$1.1B,"Atlanta, Georgia",Public,2017-11-22,Y,OTCPINK,CMIA,Entercom,Townsquare,iHeartMEDIAINC,iHeartRADIO,Pandora,HGST,TUNEIN,LIVE365,,,
COX Media,cox-media,1981,,,,,"1,067",coxmedia.com,,$109.5M,"Brookhaven, Georgia",Private,,"Cox Enterprises, Inc.",,,CBS RADIO,Emmis,RADIO ONE,GANNETT,SiriusXM,Entercom,A.H. BELO CORPORATION,Pandora,,,
McCLATCHY,the-mcclatchy-company,1857,,,,,"3,900",mcclatchy.com,,$835.4M,"Sacramento, California",Public,1998-02-12,Y,NYSE,MNI,GANNETT,SCRIPPS,LEE ENTERPRISES,HEARST,Meredith,COX Media,ACBJ,AOL,,,
SCRIPPS,e-w-scripps,1878,,,,,"4,100",scripps.com,,$29.7M,"Cincinnati, Ohio",Public,1996-11-22,Y,NASDAQ,SSP,GANNETT,McCLATCHY,LEE ENTERPRISES,The New York Times,HEARST,Time Inc.,Meredith,COX Media,,,
ACBJ,american-city-business-journals,1985,,,,,"2,056",acbj.com,,$80M,"Charlotte, North Carolina",Private,,Advance Publications,,,DOW JONES,CRAIN,THE WALL STREET JOURNAL,ACCESS INTELLIGENCE,BUSINESS INSIDER,LinkedIn,THOMSON REUTERS,Bloomberg,,,
FINANCIAL TIMES,financial-times,1888,,,2015-07-23,nikkei,"2,208",ft.com,,$796.3M,"London, England",Private,,"Nikkei, Inc.",,,THE WALL STREET JOURNAL,The Economist Group,The Economist,The New York Times,Forbes,USA TODAY,The Guardian,The Washington Post,,,
Forbes,forbes,1917,,,,,"2,950",forbes.com,,$150M,"Jersey City, New Jersey",Private,,Y,,,THE WALL STREET JOURNAL,The New York Times,FINANCIAL TIMES,FORTUNE,The Economist Group,Entrepreneur,TIME,Inc.,,,
USA TODAY,usa-today,1982,,,,,"1,525",usatoday.com,,$390M,"McLean, Virginia",Private,,Ganett,,,Tribune Publishing,THE WALL STREET JOURNAL,The New York Times,The Guardian,FINANCIAL TIMES,Time Inc.,Forbes,The Economist,,,
The Economist,ideas-people-media,1843,1843-09-01,,,,"1,747",economist.com,,$678.8M,"London, England",Private,,Y,,,THE WALL STREET JOURNAL,FINANCIAL TIMES,The New York Times,Forbes,The Economist Group,USA TODAY,The Guardian,Time Inc.,,,
The Guardian,the-guardian,1821,1821-01-01,,,,"10,551",theguardian.com,$3M,$255M,"London, England",Private,,Y,,,The Telegraph,INDEPENDENT,News UK,FOR SALE BY OWNER,Sun Life Financial,The Economist Group,STANDARD Digital,The New York Times,,,
The Economist Group,the-economist-group,1843,,,,,"1,535",economistgroup.com,$447.1M,$493.8M,"London, England",Private,,Y,,,The New York Times,FINANCIAL TIMES,Forbes,THE WALL STREET JOURNAL,Time Inc.,USN,News Corp,The Telegraph,,,
FAST COMPANY,fast-company,1995,,,,,387,fastcompany.com,,$21.9M,"New York, New York",Private,,Mansueto Ventures,,,WIRED,Entrepreneur,BuzzFeed,NationSwell,CARPLACE,FORTUNE,Harvard Business Review,GIGAOM,,,
Harvard Business Review,harvard-business-review,1922,,,,,240,hbr.org,,$16.1M,"Boston, Massachusetts",NGO/NPO/NFP/Organization/Association,,Harvard University,,,THE WALL STREET JOURNAL,FORTUNE,FAST COMPANY,The New York Times,ABA,IW,FINANCIAL TIMES,Forbes,,,
Entrepreneur,entrepreneur-com,1973,,,,,93,entrepreneur.com,,$45.9M,"Irvine, California",Private,,Y,,,Small Business TRENDS,Southern California Firewoord,Psychicleo,California Dental Institute,Superior Storage Tanks,Marklet,Judy Neal,EljayTunes,,,
BUSINESS INSIDER,business-insider,2007,2007-05-01,,2015-09-29,axel-springer,285,businessinsider.com,$55.6M,$18.1M,"New York, New York",Private,,US Business Funding,,,Mashable,TC,VentureBeat,BuzzFeed,TNW,FORTUNE,Entrepreneur,THE BUSINESS JOURNAL,,,
Tribune Publishing,the-tribune-company,1847,1847-06-10,,,,"7,595",tribpub.com,$70.5M,$1.5M,"Chicago, Illinois",Public,2014-07-25,"Gannett Co., Inc.",NASDAQ,TRNC,The Guardian,Time Inc.,The New York Times,AOL,News Corp,COX Media,McCLATCHY,HEARST,,,"Changed name to ""Tronc"""
The Telegraph,telegraph-media-group,1948,,,,,"1,800",telegraph.co.uk,,$471.4M,"London, England",Private,,Y,,,The Guardian,INDEPENDENT,News UK,STANDARD Digital,The Economist Group,The New York Times,FOR SALE BY OWNER,News Corp,,,
POLITICO,politico,2010,,,,,498,politico.com,,$47.5M,"Arlington, Virginia",Private,,Y,,,The Fiscal Times,Bloomberg GOVERNMENT,LEGISTORM,The New York Times,CQ ROLL CALL,HUFFPOST,Bloomberg BNA,The Washington Post,,,
THOMSON REUTERS,thomson-reuters,2008,2008-04-17,,,,"46,100",thomsonreuters.com,,$11.3B,"Toronto, Ontario",Public,2002-06-21,Y,NYSE,TRI,Bloomberg,S&P Global,Lex Machina,LexisNexis,McGRAW HILL FINANCIAL,PitchBook,DOW JONES,RELX Group,,,
PitchBook,pitchbook-data,2007,,,2016-10-14,morningstar,431,pitchbook.com,$13.8M,$46M,"Seattle, Washington",Private,,"Morningstar, Inc.",,,Tracxn,InsideView,DataFox,Owler,Dun & Bradstreet,ZoomInfo,DueDil,PrivCo,,,
DOW JONES,dow-jones,1882,1882-04-01,,2007-12-13,newscorporation,"4,374",dowjones.com,,$1.6B,"New York, New York",Private,,News Corporation,,,THOMSON REUTERS,Bloomberg,LexisNexis,PitchBook,S&P Global,Lex Machina,BUREAU VAN DIJK,McGRAW HILL FINANCIAL,,,
Mergermarket,mergermarket,2000,,,,,550,mergermarket.com,,$35M,"New York, New York",Private,,Acuris,,,Bloomberg,THOMSON REUTERS,Dealogic,S&P Global,The Deal,PitchBook,DOW JONES,Lex Machina,,,
Preqin,preqin,2002,,,,,353,preqin.com,,$32.1M,"New York, New York",Private,,Y,,,PitchBook,S&P Global,CB INSIGHTS,FACTSET,THOMSON REUTERS,Tracxn,DataFox,Owler,,,
Tradeweb,tradeweb,1997,,,,,850,tradeweb.com,$610.5M,$500M,"New York, New York",Private,,Thomson Reuters,,,ALGOMI,TrueEX,MarketAxess,MTS,NEX,AIREX MARKET,OSIsoft,MOOG,,,
RELX Group,reed-elsevier-plc,1984,,,,,"30,000",relx.com,,$8.5B,"London, England",Public,1999-04-01,Y,AMS,REN,Wolters Kluwer,THOMSON REUTERS,Bloomberg,UBM,Lex Machina,S&P Global,MITRATECH,SERENGETI,,,
S&P Global,capital-iq,2010,,,,,"7,333",capitaliq.com,,$669.2M,"New York, New York",Private,,S&P Global,,,THOMSON REUTERS,PitchBook,Bloomberg,FACTSET,Preqin,Lex Machina,LexisNexis,McGRAW HILL FINANCIAL,,,
Meredith,meredith,1902,,,2015-09-08,media-general,"3,500",meredith.com,$650M,$1.9B,"Des Moines, Iowa",Public,2010-01-29,Time Inc.,FRA,MEZ,HEARST,GANNETT,The New York Times,McCLATCHY,News Corp,COX Media,ACBJ,SCRIPPS,,,
AOL,aol,1985,1985-05-24,,2015-05-12,verizon,"4,350",aol.com,$1B,$2.6B,"New York, New York",Public,2009-12-10,Oath,NYSE,AOL,Google,IAC,VOX MEDIA,TAPAD,BuzzFeed,Microsoft,Apple,Box,,,"The first company that reached ""Google"""
"ENGAGED MEDIA, INC.",,2008,,,,,100,engagedmediamags.com,,$15M,"Dallas, Texas",Private,,Y,,,Televisa,GTxcel,DAVLER MEDIA,TV AZTECA,Issuu,PRODU,Hoffmann,Meredith,,,No information on Crunchbase
BMJ,bmj-group,1840,1840-10-03,,,,447,bmj.com,,$77.3M,"London, England",Private,,BMJ Publishing Group Ltd.,,,Wolters Kluwer,ELSEVIER,WILEY,NEJM GROUP,McGraw Hill Education,Taylor & Francis Group,Wiley Blackwell,Pearson,,,
BBC,bbc,1922,1922-07-19,,,,"23,000",bbc.com,,$5.2B,"London, England",Private,,Y,,,ITV,CNN,News Corp,Sky,Channel 4,Channel 5,The Walt Disney Company,STV,,,
MOODY'S,moodys-investors-service,1900,,,,,"12,000",moodys.com,,$4.4B,"New York, New York",Public,1998-07-02,Y,NYSE,MCO,Fitch Ratings,S&P Global,DBRS,MORNINGSTAR,McGRAW HILL FINANCIAL,FACTSET,Standard & Poor's,MSCI,,,
Fitch Ratings,fitch-ratings,1913,1913-12-24,,,,"3,251",fitchratings.com,,$1.9B,"London, England",Private,,The Hearst Corporation,,,MOODY'S,MORNINGSTAR,S&P Global,McGRAW HILL FINANCIAL,Standard & Poor's,DBRS,MSCI,FACTSET,,,
Lex Machina,lex-machina,2009,,,2015-11-23,lexisnexis,143,lexmachina.com,$10M,$5M,"Menlo Park, California",Private,,LexisNexis Group,,,THOMSON REUTERS,RAVEL,Bloomberg,S&P Capital IQ,PREMONITION,McGRAW HILL FINANCIAL,ALT LEGAL,Manzama,,,
UZABASE,uzabase,2008,2008-04-01,,,,63,uzabase.com,$4.5M,$1.2M,"Minato-ku, Tokyo Prefecture",Private,,Y,TYO,3966,McGRAW HILL FINANCIAL,NIKKEI,MOODY'S,THOMSON REUTERS,Fitch Ratings,S&P Global,MORNINGSTAR,DBRS,,,
LexisNexis,lexisnexis,1973,,,1994-10-05,reed-elsevier-plc,"11,458",lexisnexis.com,$30M,$2.8B,"New York, New York",Private,,RELX Group plc,,,THOMSON REUTERS,EQUIFAX,TLO,TransUnion,CoreLogic,Bloomberg,S&P Capital IQ,McGRAW HILL FINANCIAL,,,
Broadridge,broadridge,1962,,,,,"10,000",broadridge.com,,$7.3B,"New Hyde Park, New York",Public,2007-03-30,Y,NYSE,BR,SS&C,SUNGARD,ISSUERDIRECT,MESSER FINANCIAL SOFTWARE,SS&C ADVENT,Fidessa,CALYPSO,MUREX,,,
SS&C,ss-c-technologies,1986,,,2005-07-27,carlyle-group,"8,287",ssctech.com,$160.9M,$1.7B,"Windsor, Connecticut",Public,2010-03-31,Carlyle Investment Management L.L.C.,NASDAQ,SSNC,SUNGARD,Broadridge,Charles River,Electra,CALYPSO,Fidessa,MUREX,OTHERLEVELS,,,
SS&C ADVENT,advent-software,1983,,,2015-02-02,ss-c-technologies,"1,216",advent.com,,$350.3M,"San Francisco, California",Private,,"SS&C Technologies Holdings, Inc.",NASDAQ,ADVS,VANTAGE SOFTWARE,OBJECTWAY,ClearServe,VICHARA TECHNOLOGIES,Indus Valley Partners,INFORMATION MOSAIC,Electra,FundCount,,,
Fidessa,fidessa,1981,,,,,"1,705",fidessa.com,,$477.5M,"London, England",Public,1999-01-15,ION Investment Group,LON,FDSA,Ullink,TRADING TECHNOLOGIES,SS&C ADVENT,NEX Traiana,InSync Analytics,InfoReach,Cactus Wellhead,Fixnetix,,,
CALYPSO,calypso-technology,1997,,,2016-04-19,summit-partners,973,calypso.com,,$175.7M,"San Francisco, California",Private,,Y,,,MUREX,SS&C ADVENT,OpenLink,Risk Focus,MISYS,SUNGARD,ION,DerivativePATH,,,
MUREX,murex,1986,,,,,"2,051",murex.com,,$484.6M,"Paris, Île-de-France",Private,,Y,,,CALYPSO,SUNGARD,MISYS,SS&C ADVENT,OpenLink,Broadridge,SS&C,Fidessa,,,
MISYS,misys,1979,,,2017-06-14,finastra,"4,785",http://turazglobal.com,,$423.8M,"London, England",Private,,Vista Equity Partners,,,CALYPSO,TEMENOS,MUREX,Risk Focus,Avaloq,D+H,RM,SS&C ADVENT,,,
OpenLink,openlink,1992,,,2018-02-02,ion-investment-group,"1,200",openlink.com,,$375M,"Uniondale, New York",Private,,ION Investment Group,,,Eka,Allegro,DataGenic,ComplySci,STAR COMPLIANCE,Movius,ENERTIA SOFTWARE,GlobalView,,,
NEWS AMERICA MARKETING,news-america-marketing,1988,,,,,900,newsamerica.com,,$400M,"New York, New York",Private,,Y,,,Valassis,Insignia,Orlando Sentinel,Bright House Networks,News Corp,Ibotta,RetailMeNot,Vestcom,,,
Insignia,insignia-systems,1990,,,,,62,insigniasystems.com,,$31.5M,"Minneapolis, Minnesota",Public,1991-07-05,Y,NASDAQ,ISIG,NEWS AMERICA MARKETING,Valassis,Vestcom,Orlando Sentinel,News Corp,ITWAY,Invisipon,Inmar,,,
Orlando Sentinel,orlando-sentinel,1876,,,,,214,orlandosentinel.com,,$8.7M,"Orlando, Florida",Private,,Y,,,Valassis,Bright House Networks,NEWS AMERICA MARKETING,DISH,DIRECTV,CABLEVISION,Suddenlink,Verizon,,,
Invisipon,invisipon,2012,2012-04-01,,,,44,invisipon.com,,$4.8M,"Gainesville, Georgia",Private,,Y,,,Valassis,CATALINA,YOU Technology,Cellfire,NEWS AMERICA MARKETING,Ibotta,RetailMeNot,Insignia,,,
Inmar,inmar,1980,,,2017-04-04,omers-private-equity,"2,208",inmar.com,,$330.9M,"Winston Salem, North Carolina",Private,,OMERS Private Markets,,,EPIC,DataRx,Net-Rx,HighJump,Novasyte,ANALYTIC PARTNERS,IRi,NPD,,,
Mspark,mspark,1988,,,,,382,mspark.com,,$175M,"Helena, Alabama",Private,,Court Square Capital Partners L.P.,,,IMAGITAS,IWCO DIRECT,MUDLICK MAIL,DMN3,MCT,MITTERA,Kenscio,World Marketing,,,
REVTRAX,revtrax,2008,,,,,60,revtrax.com,$1.6M,$5M,"New York, New York",Private,,Y,,,CodeBroker,KOUPON MEDIA,Mobeam,Eversight,Pikato,Ibotta,Quotient,Zinmobi,,,
Sky,sky,1989,1989-02-05,,2016-12-09,21st-century-fox,"31,000",sky.com,,$15.8B,"Isleworth, England",Public,2008-11-17,"Twenty-first Century Fox, Inc.",LON,SKY,BT,ITV,STV,Orange,Deutsche Telekom,TIM,Virgin,UTV,,,
Channel 4,channel-2,1980,,,,,"1,200",channel4.com,,$760M,"London, England",Private,,Y,,,Channel 5,STV,all3media international,Tiger Aspect,Sky,BT,UTV,ARCADIS,,,
WAZEE DIGITAL,wazee-digital,2003,,,2018-08-13,veritone,184,wazeedigital.com,$55.5M,$9.2M,"Denver, Colorado",Private,,"Veritone, Inc.",,,OOYALA,Brightcove,VUBIQUITY,Clearleap,YARE,ERICSSON,TVT,ITN,,,
ITV,itv,1954,,,,,"4,257",itvplc.com,,$4.1B,"London, England",Public,2004-02-13,Y,LON,ITV,STV,BT,Sky,Orange,Deutsche Telekom,TIM,ARCADIS,JACOBS,,,
BT,bt,1980,1980-10-01,,,,"105,800",btplc.com,$68.8M,$33.3B,"London, England",Public,2001-11-16,Y,LON,BT.A,Orange,Deutsche Telekom,TIM,1&1,Deutsche Glasfaser,Fuel Broadband,Electraline,Gigaclear,,,
Channel 5,channel,1997,,,2014-05-01,viacom,486,channel5.com,,$446.7M,"London, England",Private,,Viacom Inc.,,,all3media international,Channel 4,Tiger Aspect,STV,BBC Easy,FILMDOO,Dior,Just For Laughs,,,
Viacom,viacom,1971,,,,,"10,750",viacom.com,,$12.8B,"New York, New York",Public,2005-12-16,Y,NASDAQ,VIAB,Discovery Communications,NBCUniversal,Sony Pictures,Time Warner Cable,21ST CENTURY FOX,Turner,The Walt Disney Company,A+E NETWORKS,,,
COMCAST,comcast,1963,,,,,"164,000",corporate.comcast.com,$3M,$87.4B,"Philadelphia, Pennsylvania",Public,1978-01-13,Y,NASDAQ,CMCSA,Hulu,ADT,Level 3,Vonage,CABLE ONE,Spectrum,HBO,STARZ,,,
Discovery Communications,discovery-inc,1985,1985-06-17,,,,"7,000",discovery.com,,$7.6B,"Silver Spring, Maryland",Public,2005-07-15,Y,NASDAQ,DISCA,Viacom,Turner,A+E NETWORKS,21ST CENTURY FOX,BBC,NBCUniversal,The Walt Disney Company,Sony Pictures,,,
NBCUniversal,nbcuniversal,2004,2004-05-01,,2011-01-29,comcast,"62,000",nbcuniversal.com,,$33B,"New York, New York",Private,,Comcast Corporation,,,Viacom,Turner,21ST CENTURY FOX,Discovery Communications,The Walt Disney Company,Disney–ABC Television Group,CBS CORPORATION,NETFLIX,,,
Sony Pictures,sony-pictures-entertainment,1987,,,,,"19,173",sonypictures.com,$1M,$7.1B,"Culver City, California",Private,,Sony Entertainment Inc,,,UNIVERSAL,The Walt Disney Company,Viacom,News Corp,SeaWorld Parks & Entertainment,FREMANTLEMEDIA,CBS CORPORATION,Cedar Fair,,,
UNIVERSAL,,1912,,,,,"10,000",universalstudios.com,,$4.2B,"Universal City, California",Private,,"NBCUniversal Media, LLC",,,SeaWorld Parks & Entertainment,Cedar Fair,Sony Pictures,The Walt Disney Company,Six Flags,MPR,Jerry Zhou,Viacom,,,"No single item of ""Universal Studios"" on Crunchbase"
COMCAST SPOTLIGHT,comcast-spotlight,2003,,,,,201,comcastspotlight.com,,$19.8M,"Pittsburgh, Pennsylvania",Private,,Comcast Corporation,,,CUMULUS,CBS CORPORATION,WBAL TV,WBAL,THE BALTIMORE SUN MEDIA GROUP,Dex Media,FOX45 NEWS,WBIN-TV,,,
NBC,,2004,,,,,,nbcstations.com,,,"New York City, New York",Private,,"NBC Universal, Inc.",,,News Corp,CUMULUS,COMCAST SPOTLIGHT,FOX,CBS CORPORATION,WARNER BROS.,IDG,Townsquare,,,"One of the businesses of ""NBC Universal"""
FOX,fox-interactive-media,1979,1979-06-01,,,,"12,100",fox.com,,$681.6M,"Los Angeles, California",Private,,21st Century Fox,,,CBS CORPORATION,CNN,G & G Fitness Equipment,News Corp,MTV,VH1,CUMULUS,CBS,,,
WARNER BROS.,warner-bros,1918,1918-04-04,,,,"10,000",warnerbros.com,,$13B,"Burbank, California",Private,,Time Warner Inc,,,The Walt Disney Studios,Paramount Pictures,CBS CORPORATION,The Walt Disney Company,NETFLIX,Sony Pictures,DreamWorks,News Corp,,,
Townsquare,townsquare-media,1994,,,,,"2,900",townsquaremedia.com,$228.7M,$442.8M,"Greenwich, Connecticut",Public,2014-08-14,Y,NYSE,TSQ,Entercom,iHeartMEDIAINC,CUMULUS,iHeartRADIO,Pandora,DEEZER,eLocal.com,HGST,,,
Entercom,entercom-communications,1968,,,,,"4,489",entercom.com,$334.1M,$796M,"Bala Cynwyd, Pennsylvania",Public,1999-02-05,Y,NYSE,ETM,Townsquare,iHeartMEDIAINC,iHeartRADIO,CUMULUS,Pandora,TUNEIN,LIVE365,Spotify,,,
iHeartMEDIAINC,clear-channel-communications,1972,,,,,"17,900",iheartmedia.com,$476.4M,$6.2B,"San Antonio, Texas",Public,,"CC Media Holdings, Inc.",OTCBB,IHRT,Entercom,Townsquare,CUMULUS,iHeartRADIO,Pandora,HGST,TUNEIN,LIVE365,,,
iHeartRADIO,iheartradio,2008,2008-10-01,,,,"1,582",iheart.com,,$376.9M,"San Antonio, Texas",Private,,Y,,,Pandora,TUNEIN,DEEZER,LIVE365,Spotify,Entercom,WBT,SiriusXM,,,
Pandora,pandora,2000,2000-01-03,,,,"1,938",pandora.com,$750.3M,$1.5B,"Oakland, California",Public,2011-06-24,Y,NYSE,P,DEEZER,Spotify,SiriusXM,Napster,TIDAL,8tracks,TUNEIN,GUVERA,,,
HGST,hgst,2003,,,2012-03-08,western-digital,"41,000",hgst.com,,$801.8M,"San Jose, California",Private,,"Western Digital Technologies, Inc.",,,SEAGATE,TOSHIBA,TOYOTA,Ford,HONDA,Volkswagen,NISSAN,GM,,,
TUNEIN,tunein-inc,2002,,,,,91,tunein.com,$103.1M,$10M,"San Francisco, California",Private,,Y,,,iHeartRADIO,ScatterRadio,Radionomy,Pandora,96.9 WOUR,DEEZER,Earbits,LIVE365,,,
LIVE365,live365,1999,1999-08-01,,2018-02-20,media-creek,277,live365.com,$13.4M,$15M,"Hermitage, Pennsylvania",Private,,"Media Creek, Inc.",,,TUNEIN,8tracks,Radionomy,DSL Radio,96.9 WOUR,Web-Radio,Radioliveonair,MMP,,,
CBS RADIO,cbs-radio,1928,,,2017-11-17,entercom-communications,"3,900",cbsradio.com,,$1.2B,"New York, New York",Private,,Entercom Communications Corp,,,SiriusXM,Emmis,SALEM MEDIA GROUP,Pandora,RADIO ONE,Saga,iHeartRADIO,iHeartMEDIAINC,,,
Emmis,emmis-communications,1982,,,,,380,emmis.com,,$148.5M,"Indianapolis, Indiana",Public,1994-03-04,Y,NASDAQ,EMMS,SiriusXM,CBS RADIO,RADIO ONE,Entercom,Pandora,Saga,Townsquare,SALEM MEDIA GROUP,,,
RADIO ONE,radio-one,1980,,,,,"1,058",radio-one.com,,$435.9M,"Silver Spring, Maryland",Public,2000-06-09,Y,NASDAQ,UONEK,SiriusXM,CBS RADIO,Entercom,iHeartMEDIAINC,Townsquare,Pandora,CUMULUS,Emmis,,,"Changed name to ""Urban One"""
SiriusXM,sirius,1990,,,,,"2,575",siriusxm.com,$525.8M,$5.6B,"Detroit, Michigan",Public,2013-11-22,Y,NASDAQ,SIRI,Pandora,CBS RADIO,DEEZER,Spotify,RADIO ONE,Emmis,SALEM MEDIA GROUP,Napster,,,
A.H. BELO CORPORATION,a-h-belo-corporation,2007,,,,,"1,090",ahbelo.com,,$201.5M,"Dallas, Texas",Public,2008-02-01,Y,NYSE,AHC,Journal Media Group,COX Media,GANNETT,Tribune Publishing,Tronc,McCLATCHY,SCRIPPS,The Guardian,,,
LEE ENTERPRISES,lee-enterprises-llc,1890,,,,,"3,555",lee.net,,$544.4M,"Davenport, Iowa",Public,1978-01-13,Y,NYSE,LEE,GANNETT,McCLATCHY,SCRIPPS,Journal Media Group,GateHouse Media,HEARST,The New York Times,Meredith,,,
CRAIN,crain-communications,1916,,,,,948,crain.com,,$260M,"Detroit, Michigan",Private,,Y,,,ACBJ,DOW JONES,GANNETT,MECCOM,PennWell,ACCESS INTELLIGENCE,THE WALL STREET JOURNAL,BUSINESS INSIDER,,,
ACCESS INTELLIGENCE,access-intelligence,1977,,,,,234,accessintel.com,$7.4M,$40M,"Rockville, Maryland",Private,,Y,,,CRAIN,ACBJ,IMS Cloud,1105 MEDIA,QUESTEX,PennWell,DOW JONES,THE WALL STREET JOURNAL,,,
LinkedIn,linkedin,2003,2003-05-05,,2016-06-13,microsoft,"11,000",linkedin.com,$154.8M,$4.5B,"Sunnyvale, California",Private,,Microsoft Corp,,,CAREERBUILDER,Glassdoor,ZipRecruiter,indeed,MONSTER,HIRED,Dice,Simply Hired,,,
TIME,time-magazine,1922,1922-11-28,,,,"7,450",time.com,,$2.9B,"New York, New York",Public,,Y,NYSE,TIME,Forbes,THE WALL STREET JOURNAL,The New York Times,BuzzFeed,FINANCIAL TIMES,HUFFPOST,MailOnline,The Economist Group,,,
Inc. Magazine,,1979,,,,,199,www.inc.com,,$31.9M,"New York, New York",Private,,Y,,,Entrepreneur,THE WALL STREET JOURNAL,FINANCIAL TIMES,The New York Times,FORTUNE,The Economist Group,Forbes,TIME,,,One of the businesses of Inc.
INDEPENDENT,independent,1970,,,2013-02-25,chase-templeton,143,independent.co.uk,,$45M,"London, England",Private,,Y,,,The Guardian,The Telegraph,News UK,The New York Times,STANDARD Digital,The Economist Group,News Corp,Time Inc.,,,
News UK,news-uk,1904,,,,,223,news.co.uk,,$50M,"London, England",Private,,News Corp.,,,The Guardian,The Telegraph,INDEPENDENT,The Economist Group,CN GROUP,THE TIMES,The New York Times,FINANCIAL TIMES,,,
FOR SALE BY OWNER,forsalebyowner-com,1999,,,2006-05-22,tribunecompany,121,forsalebyowner.com,,$9.5M,"Chicago, Illinois",Private,,In-House Realty LLC,,,Opendoor,Knock,NeedToSellMyHouseFast,MOVOTO,DuProprio,Homie,We Buy Houses,RealScout,,,
Sun Life Financial,sun-life-financial,1865,,,,,"34,000",sunlife.com,,$30.9B,"Toronto, Ontario",Public,2000-03-24,"Guggenheim Partners, LLC",TSE,SLF,TD Bank,BMO,CIBC,London Life,Investors Group,Scotiabank,RBC,Tangerine,,,
STANDARD Digital,the-standard-digital,1901,,,,,"1,613",standardmedia.co.ke,,$46.1M,"Nairobi, Nairobi Province",Private,,Y,,,The Guardian,The Telegraph,INDEPENDENT,News UK,The New York Times,The Economist Group,News Corp,Time Inc.,,,
USN,u-s-news,1933,,,,,692,usnews.com,,$15.3M,"Washington, District of Columbia",Private,,Y,,,The Economist Group,LAW360,The New York Times,FINANCIAL TIMES,Forbes,THE WALL STREET JOURNAL,Voa Dari,Time Inc.,,,
WIRED,wired-magazine,1993,,,,,350,wired.com,,$30M,"Boone, Iowa",Private,,"Conde Nast Publications, Inc.",,,Inc.,FAST COMPANY,Entrepreneur,Small Business TRENDS,Forbes,PCMag,Ourbusinessladder,Largetail,,,
BuzzFeed,buzzfeed,2006,,,,,"1,501",buzzfeed.com,$496.3M,$220M,"New York, New York",Private,,Y,,,Mashable,REFINERY29,Gimlet,Mic,AXIOS,The Outline,WatchMojo,STYLE.COM,,,
NationSwell,,2013,,,,,76,nationswell.com,,$3.1M,"New York, New York",Private,,Y,,,UPWORTHY,FAST COMPANY,BuzzFeed,TakePart,WIRED,Entrepreneur,Mic,Mashable,,,"Incorrect item of ""NationSwell"" on Crunchbase"
CARPLACE,carplace,2005,,,2016-11-08,motor1-com,213,www.motor1.com,,$2.9M,"São Paulo, São Paulo",Private,,Motor1,,,Terra,BuzzFeed,FAST COMPANY,Mashable,REFINERY29,Gimlet,WIRED,Payleven,,,
GIGAOM,gigaom,2006,,,,,102,gigaom.com,$22M,$15M,"Austin, California",Private,,Knowingly Corp.,,,VentureBeat,TC,Mashable,FAST COMPANY,ReadWrite,FORRESTER,Gartner,WIRED,,,
ABA,american-bar-association,1878,,,,,700,americanbar.org,,$15.7M,"Chicago, Illinois",NGO/NPO/NFP/Organization/Association,,Y,,,Sourcebooks,Jones McClure Publishing,Harvard Business Review,Legal Support World,STweM,AICPA,Lawyerist,THE WALL STREET JOURNAL,,,
IW,industryweek,1970,,,,,72,industryweek.com,,$3.3M,"Cleveland, Ohio",Private,,Y,,,,,,,,,,,,,Competitor data missing
Small Business TRENDS,,2003,,,,,6,smallbiztrends.com,,$1.6M,"Naples, Florida",Private,,Y,,,WIRED,ROI,Inc.,Entrepreneur,FAST COMPANY,NRF,RetailNext,Forbes,,,No information on Crunchbase
Southern California Firewood,,,,,,,,southerncaliforniafirewood.com,,,"Thousand Oaks, California",Private,,Y,,,Wood Ranch PTA,Hoppy Cow Supply,RealityCap,Hughes Multimedia,Headline Nepal,Keeley Consulting,Bestphonerepair,Entrepreneur,,,No detailed data
Psychicleo,,2010,,,,,7,psychicleo.com,,$420K,"Houston, Texas, United States",Private,,Y,,,Wood Ranch PTA,Hoppy Cow Supply,RealityCap,Hughes Multimedia,Headline Nepal,Keeley Consulting,Bestphonerepair,Entrepreneur,,,No detailed data
California Dental Institute,,,,,,,,californiadentalinstitute.com,,,"Rancho Cucamonga, California",Private,,Y,,,Wood Ranch PTA,Hoppy Cow Supply,RealityCap,Hughes Multimedia,Headline Nepal,Keeley Consulting,Bestphonerepair,Entrepreneur,,,No detailed data
Superior Storage Tanks,,1975,,,,,,superior-tanks.com,,,"La Mirada, CA",Private,,Y,,,Storagevessels,National Tank Outlet,Roy E Hanson,Winston's Estate Gallery,Core-Rosion,Osseoustech,Carsonmfg,Affordable Liquidations,,,No detailed data
Marklet,,,,,,,,marklet.com,,,"Anaheim, California",Private,,Y,,,Papaly,Kippt,Pocket,Clipix,Diigo,Evernote,Pinterest,Feedly,,,No detailed data
Judy Neal,,,,,,,,judyneal-art.com,,,"Solano County, Northern California",Private,,Y,,,Wood Ranch PTA,Hoppy Cow Supply,RealityCap,Hughes Multimedia,Headline Nepal,Keeley Consulting,Bestphonerepair,Bandito Brothers,,,No detailed data
EljayTunes,,2012,2012-05-16,,,,460,eljaytunes.com,,$24.7M,"Matsapha, Swaziland",Private,,Y,,,Entrepreneur,Inc.,JAM THE HYPE,NEW H2O,Small Business TRENDS,Ourbusinessladder,Southern California Firewood,Psychicleo,,,No information on Crunchbase
Mashable,mashable,2005,,,2017-11-17,ziff-davis,239,mashable.com,$46M,$40M,"New York, New York",Private,,"Ziff Davis, Inc.",,,BuzzFeed,REFINERY29,Gimlet,Digital Trends,UPROXX,NowThis,Mic,Paste,,,
TC,techcrunch,2005,2005-06-11,,2010-09-29,aol,107,techcrunch.com,,$15M,"San Francisco, California",Private,,Oath,,,Tech in Asia,WIRED,VentureBeat,BUSINESS INSIDER,GIGAOM,YOURSTORY,Mashable,CBS Interactive,,,
VentureBeat,venturebeat,2006,2006-09-01,,,,87,venturebeat.com,$3.6M,$6.2M,"San Francisco, California",Private,,Y,,,TC,BUSINESS INSIDER,Tech in Asia,WIRED,Mashable,GIGAOM,YOURSTORY,CBS Interactive,,,
TNW,the-next-web,2008,,,,,60,thenextweb.com,,$14.9M,"Amsterdam, Noord-Holland",Private,,Y,,,TC,ReadWrite,The Verge,VentureBeat,BUSINESS INSIDER,Engadget,CBS Interactive,WIRED,,,
THE BUSINESS JOURNAL,the-business-journals,1978,,,,,"1,300",bizjournals.com,,$15M,"Charlotte, North Carolina",Private,,Merged,,,Crain's New York Business,BUSINESS INSIDER,Forbes Media,THE WALL STREET JOURNAL,CNN,The New York Times,Mashable,TheStreet,,,
The Fiscal Times,the-fiscal-times,2010,,,,,71,thefiscaltimes.com,,$4.4M,"New York, New York",Private,,Y,,,Kiplinger,RCP,POLITICO,THE WALL STREET JOURNAL,FINANCIAL TIMES,Forbes,The New York Times,ALM,,,
Bloomberg GOVERNMENT,,1981,,,,,230,bgov.com,,$27.9M,"New York, New York",Private,,Y,,,LEGISTORM,CQ ROLL CALL,POLITICO,The Fiscal Times,Phone2Action,Meltwater,Spendsetter,Voters Voice,,,"One of the businessess of ""Bloomberg"""
LEGISTORM,,2006,,,,,129,legistorm.com,,$22.1M,"Washington, District of Columbia",Private,,Y,,,CQ ROLL CALL,POLITICO,FOCUS,Bloomberg GOVERNMENT,Quorum,KnowWho,Keller Mcintyre,Leadership Directories,,,No information on Crunchbase
CQ ROLL CALL,roll-call-group,1945,,,2018-07-25,fiscalnote,272,cqrollcall.com,,$16.9M,"Washington, District of Columbia",Private,,"FiscalNote, Inc.",,,Phone2Action,POLITICO,Meltwater,LEGISTORM,Bloomberg GOVERNMENT,Spendsetter,Voters Voice,BIPAC,,,
HUFFPOST,huffingtonpost,2005,2005-05-09,,2011-02-07,aol,926,huffingtonpost.com,$37M,$500M,"New York, New York",Private,,Oath,,,BuzzFeed,The New York Times,REFINERY29,Mashable,Drudge Report,News Corp,Intrepidnow,THE WALL STREET JOURNAL,,,
Bloomberg BNA,bna,1929,,,2011-08-25,bloomberg,"1,539",bna.com,,$472.1M,"Bethesda, Maryland",Private,,"Bloomberg, L.P.",,,Reed Business Information,Fastcase,CCH,Intelligize,THOMSON REUTERS,Wolters Kluwer,LexisNexis,Govini,,,
Tracxn,tracxn,2013,2013-06-01,,,,575,tracxn.com,$13.5M,$2.3M,"Palo Alto, California",Private,,Y,,,DataFox,InsideView,AngelList,Xeler8,Owler,PitchBook,Dun & Bradstreet,ZoomInfo,,,
InsideView,insideview,2005,,,,,261,insideview.com,$76M,$87.3M,"San Francisco, California",Private,,Y,,,ZoomInfo,DataFox,DueDil,Dun & Bradstreet,PitchBook,Owler,InfoGroup,Tracxn,,,
DataFox,datafox,2013,2013-02-01,,,,45,datafox.com,$11.8M,$8M,"San Francisco, California",Private,,Y,,,InsideView,Dun & Bradstreet,PitchBook,Owler,Tracxn,InfoGroup,ZoomInfo,DueDil,,,
Owler,owler,2011,2011-05-01,,,,97,owler.com,$19.3M,$3.4M,"San Mateo, California",Private,,Y,,,InsideView,DataFox,Dun & Bradstreet,PitchBook,ZoomInfo,DueDil,PrivCo,CB INSIGHTS,,,
Dun & Bradstreet,dun-and-bradstreet-corporation,1841,,,2015-06-12,archer-capital,"4,900",dnb.com,,$1.8B,"Short Hills, New Jersey",Public,2000-10-13,Subsidiary,NYSE,DNB,InfoGroup,Graydon,Creditsafe,Roularta Media Group,BUREAU VAN DIJK,Epsilon,InsideView,CRIF,,,
ZoomInfo,zoominfo,2000,2000-02-01,,2017-08-14,great-hill-partners,299,zoominfo.com,$7M,$77M,"Waltham, Massachusetts",Private,,Great Hill Partners,,,InsideView,DataFox,LeadGenius,PitchBook,Tracxn,Dun & Bradstreet,Owler,DueDil,,,
DueDil,duedil,2011,2011-04-25,,,,62,duedil.com,$43M,$4.1M,"London, England",Private,,Y,,,Dun & Bradstreet,InfoGroup,Company Check,TransUnion,FindTheCompany,Radius,Endole,Cerved,,,
PrivCo,privco,2011,,,,,43,privco.com,,$4M,"New York, New York",Private,,Y,,,InsideView,PitchBook,Dun & Bradstreet,ZoomInfo,Owler,Tracxn,DataFox,InfoGroup,,,
BUREAU VAN DIJK,bureau-van-dijk,1994,,,2017-05-15,moodys-investors-service,259,bvdinfo.com,,$26.5M,"Amsterdam, Other",Private,,Moodys Corporation,,,CRIF,Creditsafe,ID Analytics,TransUnion,FICO,EQUIFAX,Graydon,Coface,,,
Dealogic,dealogic,1983,,,2017-11-22,ion-investment-group,600,dealogic.com,,$141.6M,"London, England",Private,,The Carlyle Group,,,THOMSON REUTERS,IPREO,Bloomberg,DealSheet,Mergermarket,S&P Capital IQ,Lex Machina,The Deal,,,
The Deal,the-deal-llc,2000,2000-03-01,,2012-09-12,thestreet,93,thedeal.com,,$19.5M,"New York, New York",Private,,"TheStreet, Inc.",,,Mergermarket,Dealogic,Bloomberg,THOMSON REUTERS,Rebecca Bram Feldbaum,IPREO,WPDeals,Westchester Eatz,,,
CB INSIGHTS,cb-insights,2008,2008-01-01,,,,180,cbinsights.com,$11.7M,$4M,"New York, New York",Private,,Y,,,PitchBook,DataFox,InsideView,Owler,Tracxn,PrivCo,Dun & Bradstreet,DueDil,,,
FACTSET,factset,1978,,,,,"9,074",factset.com,,$1.1B,"Norwalk, Connecticut",Public,1996-06-05,Y,NYSE,FDS,MSCI,MORNINGSTAR,Fitch Ratings,MOODY'S,S&P Global,DBRS,McGRAW HILL FINANCIAL,Bloomberg Tradebook,,,
ALGOMI,algomi-ltd,2012,2012-06-25,,,,132,algomi.com,$14M,$10.9M,"London, England",Private,,Y,,,FlexTrade,AxeTrading,InfoReach,Portware,Trayport,TradingScreen,Trumid,Fidessa,,,
TrueEX,trueex,2010,,,,,60,trueex.com,$37.1M,$1M,"New York, New York",Private,,Y,,,Tradeweb,ALGOMI,MarketAxess,MTS,NEX,AIREX MARKET,Perimeter Markets,OSIsoft,,,
MarketAxess,marketaxess,2000,,,,,429,marketaxess.com,$55M,$408.3M,"New York, New York",Public,2004-11-05,Y,NASDAQ,MKTX,IEX,Bonds.com,ALGOMI,Bloomberg,Tradeweb,Trumid,DBOT,EBS BrokerTec,,,
MTS,mts-systems,1963,,,,,"3,500",mts.com,,$773.9M,"Eden Prairie, Minnesota",Public,1978-01-13,Y,NASDAQ,MTSC,MOOG,Zwick Roell,ITW,Instron,Shimadzu,BAE Systems,Rockwell Collins,Aerotech,,,
NEX,nex-group,1998,,,2018-03-29,cme-group,"1,817",nex.com,,$676.2M,"London, England",Public,2016-12-23,Cme Group Inc.,LON,NXG,IG Group,Hargreaves Lansdown,Tradition,Bloomberg,CRIF,THOMSON REUTERS,DOW JONES,PitchBook,,,
AIREX MARKET,airex-inc-,2012,2012-09-01,,,,68,airexmarket.com,$1.8M,$7M,"New York, New York",Private,,Y,,,TIM Group,ALGOMI,Seed Alpha,Varian Custom Marketplace,Barchart,Macrobond,Grow Influence,First Coverage,,,
OSIsoft,osisoft,1980,,,,,"1,050",osisoft.com,$139.5M,$330M,"San Leandro, California",Private,,Y,,,Solix Technologies,InfinityQS,Splunk,Aspen Tech,Ingenious,Black Lake,BMC,Honeywell,,,
MOOG,moog,1951,,,,,"10,675",moog.com,,$4.5B,"Elma, New York",Public,1980-06-06,Y,NYSE,MOG.A,BAE Systems,Rockwell Collins,Aerotech,Lockheed Martin,Honeywell,Northrop Grumman,Raytheon,General Dynamics,,,
Wolters Kluwer,wolters-kluwer,1836,,,,,"19,000",wolterskluwer.com,,$5.3B,"Alphen aan den Rijn, Zuid-Holland",Public,1999-03-31,Y,Other,WKL,LexisNexis,MITRATECH,SERENGETI,BUREAU VAN DIJK,THOMSON REUTERS,Creditsafe,EQUIFAX,CRIF,,,
UBM,ubm,1918,,,2018-01-01,informa-plc,"5,500",ubm.com,,$1.1B,"London, England",Public,1999-01-15,Informa PLC,LON,UBM,Reed Exhibitions,RELX Group,LexisNexis,Wolters Kluwer,THOMSON REUTERS,Lex Machina,Bloomberg,S&P Capital IQ,,,
MITRATECH,mitratech-holdings-inc,1987,,,2015-09-15,ta-associates,370,mitratech.com,,$83.1M,"Austin, Texas",Private,,"TA Associates Management, L.P.",,,Legal Suite,THOMSON REUTERS,LexisNexis,Bloomberg,Lex Machina,S&P Capital IQ,Integreon,McGRAW HILL FINANCIAL,,,
SERENGETI,serengeti-law,2001,,,2010-10-05,thomson-reuters,163,legaltracker.com,,$18.1M,"Bellevue, Washington",Private,,Thomson Reuters,,,MITRATECH,Wolters Kluwer,Simple Legal,Legal Suite,TyMetrix,Total Attorneys,Sky Analytics,Datacert,,,
Google,google,1998,1998-09-07,,,,"345,354",google.com,$36.1M,$109.7B,"Mountain View, California",Public,2004-08-19,Alphabet Inc.,NASDAQ,GOOG,Apple,Microsoft,Dropbox,Amazon,Facebook,Box,SONY,SAMSUNG,,,
IAC,iac,1995,1995-08-01,,,,"7,000",iac.com,,$237.5M,"New York, New York",Public,1993-01-29,Y,NASDAQ,IAC,AOL,Perion,Google,News Corp,VOX MEDIA,HEARST,TAPAD,BuzzFeed,,,
VOX MEDIA,vox-media,2003,2003-07-14,,,,750,voxmedia.com,$307.6M,$112.5M,"Washington, District of Columbia",Private,,Y,,,BuzzFeed,AOL,Reddit,Purch,Mashable,Pulpo,Moguldom,UPROXX,,,
TAPAD,tapad,2010,,,2016-02-01,telenor,192,tapad.com,$37.8M,$64M,"New York, New York",Private,,Telenor Group,,,Turn,Simplifi,ConvertMedia,AppNexus,SpotX,Digilant,Altitude,PubMatic,,,
Microsoft,microsoft,1975,1975-04-04,,,,"131,000",microsoft.com,$1M,$96.8B,"Redmond, Washington",Public,1986-03-13,Y,NASDAQ,MSFT,SAP,Oracle,IBM,Apple,Salesforce,Google,SAS,HP,,,
Apple,apple,1976,1976-04-01,,,,"123,000",apple.com,$6.2B,$248.1B,"Cupertino, California",Public,1980-12-19,Y,NASDAQ,AAPL,Samsung,Microsoft,HTC,Dell,Google,LG,HP,Sony,,,
Box,box,2005,,,,,"1,784",box.com,$559M,$529.4M,"Redwood City, California",Public,2015-01-23,Y,NYSE,BOX,OneDrive,Dropbox,Syncplicity,WatchDox,SugarSync,Onehub,Egnyte,OpenDrive,,,
Televisa,televisa,1930,,,,,"42,288",televisa.com,,$5B,"Álvaro Obregón, Distrito Federal",Public,,Y,NYSE,TV,TV AZTECA,PRODU,"ENGAGED MEDIA, INC.",Turner,GTxcel,DAVLER MEDIA,Emol,VTR,,,
GTxcel,gtxcel,1991,,,,,92,gtxcel.com,$36.6M,$2.8M,"Southborough, Massachusetts",Private,,"Godengo, Inc.",,,Issuu,Nxtbook Media,MAZ,Zinio,Magzter,Zmags,YUDU,iMirus,,,
DAVLER MEDIA,davler-media-group,2004,,,,,62,davlermedia.com,,$10M,"New York, New York",Private,,Y,,,Folio,The New York Times,Crain's New York Business,News Corp,Time Inc.,THE BUSINESS JOURNAL,THE WALL STREET JOURNAL,BUSINESS INSIDER,,,
TV AZTECA,azteca,1993,1993-07,,,,915,tvazteca.com,,$760.5M,"Mexico City, Mexico",Public,,Y,Other,AZTECA,Televisa,PRODU,"ENGAGED MEDIA, INC.",Turner,GTxcel,DAVLER MEDIA,Emol,VTR,,,
Issuu,issuu,2006,,,,,42,issuu.com,$20.3M,$5.6M,"Palo Alto, California",Private,,Y,,,Zinio,Magzter,MAZ,Nxtbook Media,YUDU,Joomag,Zmags,GTxcel,,,
PRODU,produ,1989,,,,,,produ.com,,,"Miami, Florida",Private,,Y,,,Turner,Emol,VTR,Hulu,La Nacion,Viacom,NETFLIX,Clarin,,,No detailed data
Hoffmann,,1990,,,,,,hoffmannpublishing.com,,,Pennsylvania,Private,,Y,,,Televisa,"ENGAGED MEDIA, INC.",GTxcel,DAVLER MEDIA,TV AZTECA,PRODU,Issuu,Meredith,,,No information on Crunchbase & No detailed data
ELSEVIER,elsevier,1880,,,,,"7,200",elsevier.com,,$4.7B,"Amsterdam, Noord-Holland",Private,,RELX Group,,,Wolters Kluwer,Taylor & Francis Group,WILEY,Thieme,SAGE,Informa,McGraw Hill Education,F.a. Davis Company,,,
WILEY,wiley,1807,,,,,"5,000",wiley.com,,$1.8B,"Hoboken, New Jersey",Public,1978-01-13,Y,NYSE,JW.A,McGraw Hill Education,Pearson,ELSEVIER,Wolters Kluwer,Cengage,HMH,Kaplan Financial Education,Taylor & Francis Group,,,
NEJM GROUP,,1812,,,,,154,nejmgroup.org,,$48.2M,"Waltham, Massachusetts",Private,,Y,,,BMJ,ELSEVIER,Wolters Kluwer,WILEY,NPG,McGraw Hill Education,Taylor & Francis Group,Wiley Blackwell,,,No information on Crunchbase
McGraw Hill Education,mcgraw-hill-education,1916,,,,,"4,900",mheducation.com,,$1.8B,"Columbus, Ohio",Private,,"Apollo Global Management, LLC",,,Cengage,Pearson,HMH,DreamBox,Houghton Mifflin Harcourt Publishing Company,WILEY,Cambridge Educational Services,Prometric,,,
Taylor & Francis Group,taylor-francis-group,1852,,,,,224,taylorandfrancisgroup.com,,$19M,"Abingdon, England",Private,,Informa plc,,,ELSEVIER,SAGE,Springer,Wolters Kluwer,Wiley Blackwell,McGraw Hill Education,Thieme,WILEY,,,
Wiley Blackwell,,1809,,,,,10,wileyblackwell.com,,$10M,"Hoboken, New Jersey",Private,,Y,,,Taylor & Francis Group,Wolters Kluwer,Thieme,SAGE,ELSEVIER,CACTUS,Informa,McGraw Hill Education,,,"One of the businessess of ""WILEY"""
Pearson,pearson,1998,1998-07-29,,,,"30,339",pearson.com,,$6.1B,"London, England",Public,1999-01-15,Y,LON,PSON,McGraw Hill Education,Cengage,HMH,WILEY,Prometric,Learndirect,Questionmark,Next Education,,,
CNN,cnn-com,1980,,,,,"4,000",cnn.com,,$3.2B,"Atlanta, Georgia",Private,,Time Warner Inc.,,,The New York Times,FOX News,MSNBC,VOX MEDIA,News Corp,THOMSON REUTERS,Time Inc.,El Nuevo Diario,,,
STV,stv,1957,1957-08-01,,,,451,stvplc.tv,,$148.1M,"Glasgow, Scotland",Public,1999-01-15,Y,LON,STVG,Sky,BT,UTV,ARCADIS,World Productions,ITV,JACOBS,Parsons,,,
S&P Global,s-p-global,1888,,,,,"20,400",spglobal.com,,$6.2B,"New York, New York",Public,1978-01-13,Y,NYSE,SPGI,DBRS,PitchBook,IHS Markit,Interactive Data,ICE,Tracxn,THOMSON REUTERS,S&P Capital IQ,,,
DBRS,dbrs,1976,,,,,50,www.dbrs.com,,$5M,"Toronto, Ontario",Private,,Carlyle Group L.P.,,,CoreLogic,TransUnion,EQUIFAX,MOODY'S,Fitch Ratings,MORNINGSTAR,Standard & Poor's,S&P Global,,,
MORNINGSTAR,morningstar,1984,,,,,"4,920",morningstar.com,$91M,$968.9M,"Chicago, Illinois",Public,2005-05-03,Y,NASDAQ,MORN,MSCI,FACTSET,MOODY'S,Fitch Ratings,S&P Global,DBRS,McGRAW HILL FINANCIAL,Standard & Poor's,,,
Standard & Poor's,,1941,,,,,468,standardandpoors.com,,$76M,"New York, New York",Private,,S&P Global,,,Bloomberg,Lex Machina,LexisNexis,McGRAW HILL FINANCIAL,THOMSON REUTERS,PitchBook,DOW JONES,Mergermarket,,,No information on Crunchbase
MSCI,msci,1998,,,,,"3,038",msci.com,$252M,$2.3B,"New York, New York",Public,2007-11-23,Y,NYSE,MSCI,RepRisk,DBRS,FINCAD,Numerix,Riskdata,TransUnion,EQUIFAX,Sustainalytics,,,
RAVEL,ravel-law,2012,2012-05-15,,2017-06-08,lexisnexis,63,ravellaw.com,$15.2M,$1.4M,"San Francisco, California",Private,,LexisNexis,,,PREMONITION,Mindcrest,Everlaw,Lex Machina,THOMSON REUTERS,EQUIFAX,Manzama,BlackStone Discovery,,,
PREMONITION,premonition,2014,2014-03-01,,,,67,premonition.ai,$5M,$2.7M,"Miami, Florida",Private,,Y,,,RAVEL,Lex Machina,THOMSON REUTERS,Bloomberg,LexisNexis,S&P Capital IQ,Manzama,Mindcrest,,,
ALT LEGAL,altlegal,2013,,,,,5,altlegal.com,$40K,,"New York, New York",Private,,Y,,,IPfolio,Patrix Usa,Priori,IAG,TrademarkNow,CPA Global,Legal Hero,Axiom,,,No detailed data
Manzama,manzama,2010,,,,,107,manzama.com,$3.3M,$4M,"Bend, Oregon",Private,,Y,,,THOMSON REUTERS,Lex Machina,Bloomberg,S&P Capital IQ,LexisNexis,McGRAW HILL FINANCIAL,PitchBook,DOW JONES,,,
NIKKEI,nikkei,1876,,,,,"3,450",nikkei.com,,$1.5B,"Chiyoda-ku, Tokyo Prefecture",Private,,Y,,,UZABASE,Mainichi newspaper,McGRAW HILL FINANCIAL,The Asahi Shimbun,S&P Capital IQ,Akash Vadhu-var Suchak Kendra,Free,THOMSON REUTERS,,,
EQUIFAX,equifax,1899,,,,,"10,300",equifax.com,$1M,$3.4B,"Atlanta, Georgia",Public,1978-01-13,Y,NYSE,EFX,TransUnion,CoreLogic,Fitch Ratings,HMS,MOODY'S,CFPB,MORNINGSTAR,Datamyx,,,
TLO,tlo,2009,,,,,150,tlo.com,,$15.7M,"Boca Raton, Florida",Private,,"TransUnion, LLC",,,Avox,DueDil,Fenergo,THOMSON REUTERS,Arity,LexisNexis,Dun & Bradstreet,Bloomberg,,,
TransUnion,transunion,1968,,,,,"5,100",transunion.com,$1.4B,$2B,"Chicago, Illinois",Public,2015-06-25,Goldman Sachs Group Inc.,NYSE,TRU,EQUIFAX,CoreLogic,HMS,Fitch Ratings,CFPB,Datamyx,Recondo,Trover Solutions,,,
CoreLogic,corelogic,1991,,,,,"5,900",www.corelogic.com,$24.7M,$1.9B,"Irvine, California",Public,2003-01-10,Cognizant Technology Solutions Corp.,NYSE,CLGX,TransUnion,EQUIFAX,Fitch Ratings,HMS,MOODY'S,MORNINGSTAR,CFPB,Datamyx,,,
ISSUERDIRECT,issuer-direct,2006,,,,,66,issuerdirect.com,,$14.4M,"Morrisville, North Carolina",Public,2008-03-10,Y,NYSEMKT,ISDR,R.R. Donnelley,Broadridge,Business Wire,Workiva,Quad Graphics,Ez-XBRL,Publishers Press,SS&C,,,
MESSER FINANCIAL SOFTWARE,messer-financial-software,2013,,,,,86,messerfs.com,,$14M,"Central, Other",Private,,Y,,,Broadridge,SS&C,SUNGARD,ISSUERDIRECT,Achim Gloger,Fidessa,R.R. Donnelley,SS&C ADVENT,,,
Charles River,charles-river-development,1984,,,2018-07-20,state-street-corporation,818,crd.com,,$300M,"Burlington, Massachusetts",Private,,State Street Corp,,,SS&C ADVENT,VANTAGE SOFTWARE,Addepar,INFORMATION MOSAIC,ClearServe,SimCorp,BlackRock,Confluence,,,
Electra,electra-information-systems,1998,,,,,94,electrainfo.com,,$22.1M,"New York, New York",Private,,Y,,,SS&C,ReconArt,SUNGARD,Pico Quantitative Trading,Broadridge,AutoRek,SS&C ADVENT,Indus Valley Partners,,,
OTHERLEVELS,otherlevels,2010,,,,,30,otherlevels.com,$2.43M,$3.4M,"San Francisco, California",Public,2015-03-31,Y,Australian Securities Exchange,OLV,KISSmetrics,Infusionsoft,UserVoice,Act-On,Amplitude,Localytics,Mixpanel,Desk,,,
VANTAGE SOFTWARE,vantage-software,1999,,,,,20,vantage-software.com,,$2.5M,"Dedham, Massachusetts",Private,,Y,,,Addepar,ClearStructure,Multifonds,Black Mountain,SS&C ADVENT,Enfusion,SimCorp,Eze Software,,,
OBJECTWAY,objectway,1990,,,,,507,objectway.com,$11.6M,$62.2M,"Milano, Lombardy",Private,,Y,,,TEMENOS,SS&C ADVENT,Avaloq,MISYS,Nucleus Software,Technisys,CALYPSO,Finantix,,,
ClearServe,clearserve,2012,,,,,28,www.clearserve.com,$3.3M,$3.9M,"New York, New York",Private,,Y,,,SS&C ADVENT,Bloomberg,SUNGARD,THOMSON REUTERS,DOW JONES,PitchBook,MUREX,Broadridge,,,
VICHARA TECHNOLOGIES,vichara-technologies,2001,,,,,46,vichara.com,,$20.4M,"Ridgewood, New Jersey",Private,,Y,,,1010data,Formicary,SS&C ADVENT,Itiviti,GoodData,Actian,Alteryx,AllAnalytics,,,
Indus Valley Partners,indus-valley-partners,2000,,,,,93,ivp.in,,$8.9M,"New York, New York",Private,,Y,,,Goldman Sachs,BlackRock,Morgan Stanley,UBS,Citigroup,JPMorgan Chase,Credit Suisse,Deutsche Bank,,,
INFORMATION MOSAIC,information-mosaic,1997,,,2015-07-01,ihs-markit,250,www.informationmosaic.com,$27.9M,$25M,"Dublin, County Dublin",Private,,Markit Group Limited,,,Charles River,Omgeo,ETG,SS&C ADVENT,SS&C,CommProve,SUNGARD,Broadridge,,,
FundCount,fundcount,1999,,,,,50,fundcount.com,,$5M,"Dedham, Massachusetts",Private,,Y,,,VANTAGE SOFTWARE,SS&C ADVENT,Multifonds,Addepar,ClearStructure,OBJECTWAY,Black Mountain,ClearServe,,,
Ullink,ullink,2001,,,2017-11-28,itiviti,547,ullink.com,,$131M,"Paris, Île-de-France",Private,,Y,,,Fidessa,TRADING TECHNOLOGIES,InSync Analytics,NEX Traiana,InfoReach,Cactus Wellhead,Fixnetix,Decimal Point Analytics,,,
TRADING TECHNOLOGIES,trading-technologies,1994,1994-05-16,,,,499,tradingtechnologies.com,,$100M,"Chicago, Illinois",Private,,Y,,,Fidessa,Ullink,NEX Traiana,CameronTec,InfoReach,Horizon Software International,Jigsaw Trading,Datadog,,,
NEX Traiana,traiana,2000,,,2007-10-10,nex-group,99,www.traiana.com,$25M,$2.9M,"London, England",Private,,ICAP Management Services Limited,,,TRADING TECHNOLOGIES,Ullink,Fidessa,Omgeo,SUNGARD,TriOptima,Cobalt,THOMSON REUTERS,,,
InSync Analytics,,2005,2005-01-01,,,,350,insyncanalytics.com,,$33.6M,"New York, New York",Private,,Y,,,Ullink,Fidessa,TRADING TECHNOLOGIES,Dion,Decimal Point Analytics,Bloomberg,Cactus Wellhead,NEX Traiana,,,No information on Crunchbase
InfoReach,inforeach,1995,,,,,72,inforeachinc.com,$5.3M,$13.6M,"Chicago, Illinois",Private,,Y,,,Fidessa,Portware,TRADING TECHNOLOGIES,FlexTrade Systems,Ullink,SUNGARD,TradingScreen,360T,,,
Cactus Wellhead,cactus-wellhead-llc,2017,,,,,20,cactuswellhead.com,,,"Houston,Texas",Private,,Y,NYSE,WHD,PangTong Wellhead USA,Kingsa Industries,Downingwell,Arruth Associates,Houston TechSys,Richardrayhouston,nextmovebestmove,Frontiers Club,,,
Fixnetix,fixnetix,2005,,,2015-08-11,csc,125,fixnetix.com,,$6.3M,"London, England",Private,,Computer Sciences Corp,,,QuantHouse,Celoxica,ACTIV,Perseus,NovaSparks,Pluribus Networks,Interactive Data,Big Switch,,,
Risk Focus,risk-focus,2004,,,,,48,riskfocus.com,$500K,$7.5M,"New York, New York",Private,,Y,,,MUREX,CALYPSO,MISYS,BELLIN,SUNGARD,Reval,Kyriba,SS&C ADVENT,,,
ION,ion-group,1998,,,,,"3,170",iongroup.com,,$25M,"London, England",Private,,Y,,,MUREX,SS&C ADVENT,CALYPSO,Risk Focus,SUNGARD,MISYS,DerivativePATH,Numerix,,,
DerivativePATH,derivative-path-inc,2013,2013-05-13,,,,10,derivativepath.com,,$10M,"Walnut Creek, California",Private,,Y,,,OpenLink,Chatham Financial,CALYPSO,B&F,MUREX,Eka,Allegro,SS&C ADVENT,,,
TEMENOS,temenos,1993,,,,,"4,945",temenos.com,,$740.1M,"Chimie, Geneva",Public,2003-06-13,Y,SWX,TEMN,Nucleus Software,MISYS,Technisys,Cloud Lending Solutions,Jack Henry & Associates,Fiserv,FIS,CALYPSO,,,
Avaloq,avaloq-2,1991,,,,,"2,000",avaloq.com,$361M,$520M,"Zurich, Zurich",Private,,Y,,,MISYS,TEMENOS,CALYPSO,Nucleus Software,Technisys,MUREX,SS&C ADVENT,Cloud Lending Solutions,,,
D+H,d-h,1875,,,2017-06-14,finastra,"5,500",dh.com,,$1.7B,"Toronto, Ontario",Public,,"Vista Equity Partners Management, LLC",,,Fiserv,FIS,Jack Henry & Associates,Jack Henry Banking,Polaris Industries,Dovetail Software,Paymentus,Euronet,,,
RM,rm-plc,1973,,,,,"1,787",rmplc.com,,$238.7M,"Abingdon, England",Public,1999-01-15,Y,LON,RM,CALYPSO,MISYS,TEMENOS,MUREX,Avaloq,Risk Focus,D+H,SS&C ADVENT,,,
Eka,eka-software-solutions,2004,,,,,315,ekaplus.com,$16M,$26.6M,"Norwalk, Connecticut",Private,,Y,,,OpenLink,DataGenic,Movius,Greenstone,Allegro,GlobalView,ENERTIA SOFTWARE,CellTrust,,,
Allegro,allegro-development-corporation,1984,,,2008-02-01,north-bridge-venture-partners,390,allegrodev.com,,$125M,"Dallas, Texas",Private,,Y,,,OpenLink,Eka,DataGenic,ENERTIA SOFTWARE,GlobalView,Anvil Software,Movius,P2 Energy,,,
DataGenic,datagenic,2002,,,2017-10-04,drillinginfo,43,datagenicgroup.com,,$15M,"London, England",Private,,"Drilling Info Holdings, Inc.",,,Eka,Allegro,Triple Point,OpenLink,Movius,Greenstone,ENERTIA SOFTWARE,GlobalView,,,
ComplySci,compliance-science,2003,,,,,123,complysci.com,$11.2M,$10M,"New York, New York",Private,,Y,,,MetricStream,LogicGate,ProcessUnity,Behavox,Arbour Group,OpenLink,Lombard Risk,Riskdata,,,
STAR COMPLIANCE,starcompliance,1999,,,,,52,starcompliance.com,,$17.5M,"Rockville, Maryland",Private,,Y,,,ComplySci,Merlon,Numerix,MetricStream,MUREX,CALYPSO,Quantifi,IHS Markit,,,
Movius,movius-interactive,1999,,,,,155,moviuscorp.com,$54.8M,$15.7M,"Johns Creek, Georgia",Private,,Y,,,CellTrust,StreamWIDE,Cellcrypt,Notify Technology,FonYou,Apriva,Nexmo,Zediva Mobile,,,
ENERTIA SOFTWARE,enertia-software,1985,,,,,110,enertia-software.com,,$20M,"Midland, Texas",Private,,Y,,,P2 Energy,Drillinginfo,Avatar Systems,Mi4,Pandell,LandPro,iLandMan,Stonebridge,,,
GlobalView,marketview,1994,,,2016-10-10,drillinginfo,134,marketview.com,$8M,$5M,"Chicago, Illinois",Private,,"Drillinginfo, Inc.",,,DataGenic,Eka,Risk Edge Solutions,OpenLink,Movius,Allegro,Triple Point,Greenstone,,,
Bright House Networks,bright-house-networks,1981,,,2015-03-31,charter-communications,"5,673",brighthouse.com,,$3.1B,"East Syracuse, New York",Private,,Spectrum,,,DISH,DIRECTV,CABLEVISION,Suddenlink,Verizon,NETFLIX,AT&T,Time Warner Cable,,,
Ibotta,ibotta,2011,,,,,508,ibotta.com,$85M,$5.9M,"Denver, Colorado",Private,,Y,,,SavingStar,Shopmium,Cellfire,Keepity,Couponcadet,FatWallet.com,RetailMeNot,Savings.com,,,
RetailMeNot,whale-shark-media,2007,2007-05-01,,2017-04-10,harland-clarke-holdings,565,retailmenot.com,$484.5M,$250M,"Austin, Texas",Private,,Harland Clarke Holdings Corp.,,,ShopAtHome,LivingSocial,Quotient,Travelzoo,Secret Escapes,Groupon,Voyage Prive,Mr. Rebates,,,
Vestcom,vestcom-international-inc,1985,,,,,59,vestcom.com,,$5.5M,"Little Rock, Arkansas",Private,,Y,,,Insignia,ITWAY,Avnet,Tech Data,Esprinet,NEWS AMERICA MARKETING,Valassis,SYNNEX,,,
ITWAY,itway-s-p-a,1996,,,,,200,itway.com,,$120M,"Ravenna, Italy",Private,,Y,,,Tech Data,Avnet,Esprinet,Arrow Electronics,Digi-Key,SYNNEX,Westcon,Mouser Electronics,,,
DISH,dish-network,1980,,,,,"17,000",dish.com,$1B,$14.2B,"Englewood, Colorado",Public,1995-06-30,Y,NASDAQ,DISH,Verizon,AT&T,Time Warner Cable,NETFLIX,Cox Communications,T-Mobile,COMCAST,Cricket,,,
DIRECTV,directv,1990,,,2015-07-24,at-t,"32,150",directv.com,,$33.1B,"El Segundo, California",Private,,AT&T Inc.,,,NETFLIX,Verizon,Cricket,Cox Communications,T-Mobile,Hulu,HBO,YouTube,,,
CABLEVISION,cablevision-systems,1973,,,2015-09-16,altice,"12,920",cablevision.com,,$6.5B,"Bethpage, New York",Public,1986-01-24,Altice SA,,,CenturyLink,CABLE ONE,EarthLink,Spectrum,TDS Telecom,Zayo,Comcast Business,Cogent,,,
Suddenlink,suddenlink-communications,2003,,,2015-05-20,altice,"5,040",suddenlink.com,,$716.4M,"Saint Louis, Missouri",Private,,Altice SA,,,Frontier Communications,DISH,Broadview Networks,Consolidated Communications,agileTel,Time Warner Cable,Verizon,MGW,,,
Verizon,verizon,1983,1983-10-07,,,,"155,400",verizon.com,,$129.6B,"Basking Ridge, New Jersey",Public,1983-12-02,Y,NYSE,VZ,AT&T,T-Mobile,Cox Communications,Cricket,RCN,Sprint,Spectrum,COMCAST,,,
CATALINA,catalina-marketing,1983,1983-01,,,,"5,000",catalina.com,,$471.6M,"Saint Petersburg, Florida",Private,,Berkshire Partners LLC,,,Synqera,IRi,S4M,Yummly,Quotient,NPD,Cashandrebates,Euromonitor,,,
YOU Technology,you-technology,2008,2008-04-01,,2014-02-11,kroger,50,you.net,,$20M,"Brisbane, California",Private,,The Kroger Company,,,Invisipon,Valassis,CATALINA,NEWS AMERICA MARKETING,Cellfire,Ibotta,RetailMeNot,News Corp,,,
Cellfire,cellfire,2005,,,2014-09-05,catalina-marketing,50,cellfire.com,$26M,$3M,"San Jose, California",Private,,Catalina Marketing Corporation,,,SavingStar,Shopmium,Ibotta,Cashandrebates,Commuterlotsavings,Apartmentlotsavings,Dealcurrentnetwork,Couponschest,,,
EPIC,,,,,,,139,epicrx.com,,$31M,"Cockeysville, Maryland",Private,,Y,,,,,,,,,,,,,No detailed data
DataRx,,,,,,,127,data-rx.com,,$36.8M,"Cumming, Georgia",Private,,Y,,,,,,,,,,,,,No detailed data
Net-Rx,,,,,,,65,net-rx.com,,$10.2M,"Vancouver, Washington",Private,,Y,,,Guardian Pharmacy,Itibo,Innospire Systems,iCMG,Omnicare,Etag Technologies,NOSTOPS COM,Etag Technologies,,,No detailed data
HighJump,highjump-software,1983,,,2017-08-30,korber-ag,941,highjump.com,$18.5M,$271.9M,"Minneapolis, Minnesota",Private,,Die Korber AG,,,ASAP Systems,Logility,3PL Central,Kinaxis,ToolsGroup,TeleTracking,LLamasoft,Miradore,,,
Novasyte,novasyte-llc,2008,,,,,45,novasyte.com,,$20.6M,"Carlsbad, California",Private,,Y,,,Geneva Healthcare,inVentiv Health,Inmar,Magellan Health,ConsignMed,Justi Corp,Publicis Touchpoint Solutions,Modern Marketing Concepts,,,
ANALYTIC PARTNERS,analytic-partners,2000,,,,,150,analyticpartners.com,,$10.3M,"New York, New York",Private,,Y,,,MarketShare,Wakefield,Kantar TNS,Visual IQ,Marketing Evolution,ThinkVine,Beckon,Domo,,,
IRi,iri,1979,,,2018-07-25,partners-group,"3,725",iriworldwide.com,$96M,$975M,"Chicago, Illinois",Private,,Y,,,NPD,Mintel,Euromonitor,Kantar,ASIS Research Group,B2B International,GlobalData,J.D. Power,,,
NPD,npd-group,1967,,,,,"1,447",npd.com,,$106M,"Port Washington, New York",Private,,Y,,,IRi,Kantar,Euromonitor,Mintel,ASIS Research Group,B2B International,GlobalData,J.D. Power,,,
IMAGITAS,imagitas,1992,,,2015-05-11,red-ventures,125,imagitas.com,$20M,,"Waltham, Massachusetts",Private,,"Red Ventures, LLC",,,,,,,,,,,,,Competitor data missing
IWCO DIRECT,iwco-direct,1969,,,2017-12-18,moduslink-global-solutions,"2,610",iwco.com,$277.5M,$356M,"Chanhassen, Minnesota",Private,,Moduslink Global Solutions Inc,,,IMAGITAS,Mspark,DMN3,MCT,MITTERA,Quad Graphics,MUDLICK MAIL,Creel Printing,,,
MUDLICK MAIL,mudlick-mail,2008,,,2018-02-14,clearview-capital-investments,35,mudlickmail.com,,$42.6M,"Acworth, Georgia",Private,,"Clearview Capital, LLC",,,Finishing & Mailing Center,EDDM,IDRS,PostcardMania,Modern Postcard,Vistaprint,EDDM2Go,imageMEDIA,,,
DMN3,dmn3,1992,,,,,31,dmn3.com,,$25M,"Houston, Texas",Private,,Y,,,TopSpot,Forthea,MMI Agency,PebblePost,Ecreativeworks,Signet Interactive,ThomasNet,Pop Labs,,,
MCT,,2012,2012-06,,,,78,mctechnology.com,$1.2M,$11.3M,"Darien, Illinois",Private,,Y,,,IWCO DIRECT,MAR Graphics,Magnets 4 Media,IMAGITAS,Mspark,DMN3,MITTERA,Quad Graphics,,,No information on Crunchbase
MITTERA,mittera-group,2009,,,,,"1,000",mittera.com,,$200M,"Des Moines, Iowa",Private,,Y,,,Quad Graphics,Creel Printing,IWCO DIRECT,Trend Offset Printing,R.R. Donnelley & Sons,Publishers Press,Cedar Graphics,Toppan,,,
Kenscio,kenscio-digital-marketing-pvt-ltd,2009,,,,,133,kenscio.com,,$2M,"Bangalore, Karnataka",Private,,Y,,,Octane,Netcore,AWeber,Betaout,MailChimp,VerticalResponse,ActiveCampaign,GetResponse,,,
World Marketing,world-marketing,1992,1992-06,,,,175,worldmarkinc.com,,$50M,"Milwaukee, Wisconsin",Private,,Y,,,Silver Court,IMAGITAS,The Stanford Group,Ctl Global,TV,DDRTV,Dentino Marketing,Direct Hit Marketing,,,
CodeBroker,codebroker,2007,,,,,87,codebroker.com,,,"Belmont, Massachusetts",Private,,Y,,,Vibes Media,REVTRAX,Tatango,KOUPON MEDIA,Pikato,Armadealo,CLYP,Zinmobi,,,
KOUPON MEDIA,,2011,2011-03-01,,,,38,kouponmedia.com,$14.3M,$8.7M,"Dallas, Texas",Private,,Y,,,Mobeam,TouchBistro,Tatango,REVTRAX,ScanLife,Revel Systems,Lavu,Zinmobi,,,
Mobeam,mobeam,2010,,,,,50,mobeam.com,$28.5M,$2M,"San Francisco, California",Private,,Y,,,NeoMedia Technologies,Scan,ScanLife,KOUPON MEDIA,Visualead,Wasp Barcode,REVTRAX,Barcodefactory,,,
Eversight,eversight,2013,,,,,55,eversightlabs.com,$24.2M,$1.2M,Palo AltoCalifornia,Private,,Y,,,KOUPON MEDIA,REVTRAX,CodeBroker,Tatango,Mobeam,Vibes Media,TouchBistro,Altocloud,,,
Pikato,pikato,2013,2013-01-25,,2015-10-13,retailnext,94,pikato.com,,,"Chicago, Illinois",Private,,"RetailNext, Inc.",,,Punchkick Interactive,CLYP,CodeBroker,REVTRAX,You Text It,Flybits,Real Cool Apps,KOUPON MEDIA,,,
Quotient,coupons-com,1998,1998-05-01,,,,727,quotient.com,$432M,$336.3M,"Mountain View, California",Public,2014-03-07,Y,NYSE,QUOT,RetailMeNot,LivingSocial,ShopAtHome,Groupon,Travelzoo,Secret Escapes,Snapdeal,Deal In City,,,
Zinmobi,zinmobi,2010,2010-05,,,,94,zinmobi.com,$652K,$9.1M,"Dublin, County Dublin",Private,,Y,,,KOUPON MEDIA,CodeBroker,REVTRAX,Tatango,Mobeam,Vibes Media,TouchBistro,Pikato,,,
Orange,orange,1991,1991-01-01,,,,"150,000",orange.com,,$49.2B,"Paris, Île-de-France",Public,1999-04-01,Y,EPA,ORA,BT,TIM,Deutsche Telekom,1&1,Numericable - SFR,Google,Deutsche Glasfaser,Huawei,,,
Deutsche Telekom,deutsche-telekom,1995,,,,,"218,341",telekom.com,,$86.2B,"Bonn, North Rhine-Westphalia",Public,1998-11-18,Y,ETR,DTE,1&1,Deutsche Glasfaser,STRATO,Host Europe,Host Europe Group,China Telecom,Orange,GoDaddy,,,
TIM,telecom-italia,1908,,,,,"59,429",telecomitalia.com,$248.9M,$27.9B,"Milan, Lombardy",Public,1995-07-28,Y,NYSE,TI,BT,Orange,Deutsche Telekom,1&1,Deutsche Glasfaser,STRATO,Host Europe,Host Europe Group,,,
Virgin,virgin-group,1970,1970-06,,,,"21,038",virgin.com,,$16.9B,"London, England",Private,,Y,,,British Airways,EasyJet,Delta,Monarch Air Group,Jet2,American Airlines,JetBlue Airways,United Airlines,,,
UTV,utv-ireland,1959,1959-10-31,,2016-07-12,virgin-media,106,u.tv,,$2.9M,"Belfast, Northern Ireland",Private,,ITV plc,,,Channel 5,RTÉ,Channel 4,TV3,Irish TV,UKTV,STV,PinkBH,,,
all3media international,all3media,2003,,,2014-05-08,discovery-inc,62,all3mediainternational.com,,$150M,"London, England",Private,,all3media group,,,Channel 5,Tiger Aspect,Channel 4,STV,BBC Easy,BRAINPOOL,Just For Laughs,World Productions,,,
Tiger Aspect,tiger-aspect-productions,1998,,,2009-11-23,endemol,100,tigeraspect.co.uk,,$40M,"London, England",Private,,Y,,,Channel 5,all3media international,Channel 4,Chrysalis,True North,World Productions,STV,BRAINPOOL,,,
ARCADIS,arcadis,1888,,,,,"27,327",arcadis.com,$22.5K,$3.9B,"Amsterdam, Other",Public,2004-03-19,Y,AMS,ARCAD,JACOBS,Parsons,Hill International,HDR,HNTB,Tetra Tech,CDM Smith,Hatch,,,
OOYALA,ooyala,2007,2007-04-05,,2014-08-11,telstra,450,ooyala.com,$121.9M,$52.5M,"San Jose, California",Private,,Telstra Corporation Ltd.,,,Kaltura,SmartStory,VBrick,YARE,Brightcove,Xstream,thePlatform,JW Player,,,
Brightcove,brightcove,2004,2004-01,,,,498,brightcove.com,$143M,$162.4M,"Boston, Massachusetts",Public,2012-02-17,Y,NASDAQ,BCOV,OOYALA,YARE,Appscend,JW Player,thePlatform,Clearleap,Livestream,Anvato,,,
VUBIQUITY,vubiquity,2006,,,2018-01-30,amdocs,350,vubiquity.com,$237.2M,$100M,"Burbank, California",Private,,"Amdocs, Inc.",,,Clearleap,NeuLion,CBS interactive,Silver Chalice,Certona,Deluxe,OOYALA,Kaltura,,,
Clearleap,clearleap,2007,2007-07-01,,2015-12-08,ibm,113,clearleap.com,$45.6M,$7.4M,"Duluth, Georgia",Private,,International Business Machines Corp,,,OOYALA,ActiveVideo,iStreamPlanet,Entone,YARE,Brightcove,Xstream,Kaltura,,,
YARE,yare-media-group-inc,2016,2016-05-01,,,,10,yaremedia.com,,$310K,"Surrey, British Columbia",Private,,Y,,,Brightcove,Xstream,OOYALA,thePlatform,JW Player,Clearleap,Livestream,Wistia,,,
ERICSSON,ericsson,1876,1876-01-01,,,,"100,700",ericsson.com,$292M,$22.5B,"Stockholm, Stockholms län",Public,1981-08-28,Y,NASDAQ,ERIC,Huawei,Juniper Networks,Cisco,Arista Networks,Palo Alto Networks,Extreme Networks,F5,OnePlus,,,
TVT,tvt,1994,1994-07-01,,,,108,tvt.biz,,$20M,"London, England",Private,,Y,,,WAZEE DIGITAL,OOYALA,VUBIQUITY,Brightcove,YARE,ERICSSON,ITN,Clearleap,,,
JACOBS,jacobs,1947,,,,,"54,700",jacobs.com,,$11.9B,"Dallas, Texas",Public,1978-01-13,Y,NYSE,JEC,Parsons,ARCADIS,Hill International,HNTB,Tetra Tech,Hatch,L&T,Dewberry,,,
1&1,1-1-internet-se,1988,1988-06,,,,319,1und1.de,,$17M,"Montabaur, Rhineland-Palatinate",Private,,United Internet,,,Deutsche Telekom,STRATO,Host Europe,Host Europe Group,GoDaddy,OVH,Web.com,Bluehost,,,
Deutsche Glasfaser,deutsche-glasfaser,2012,,,2015-07-20,kkr,300,deutsche-glasfaser.de,,$20M,"Borken, Other",Private,,Y,,,Deutsche Telekom,Kabel Deutschland,1&1,Unitymedia,STRATO,Host Europe,Host Europe Group,China Telecom,,,
Fuel Broadband,,2010,,2017-07-24,,,194,fuelbroadband.co.uk,,$25.6M,"Nelson, England",Product/Brand/Service,,The Post Office,,,Plusnet,Entanet,Zen Internet,Hyperoptic,Virgin Media,POP Telecom,Gigaclear,Openreach,,,No information on Crunchbase
Electraline,,,,,,,,electraline.com,,,"toronto, Ontario",Private,,Y,,,BT,Belkin,TIM,Orange,Deutsche Telekom,Netgear,Logitech,Speck,,,No information on Crunchbase
Gigaclear,gigaclear,2010,,,,,40,gigaclear.com,$171.3M,$5M,"Oxfordshire, England",Private,,Y,,,CityFibre,Hyperoptic,EuNetworks,Openreach,B4rn Rural Broadband,Fuel Broadband,BT,POP Telecom,,,
BBC Easy,bbc-easy,2011,,,,,74,bbceasy.com,$3.1M,$2M,"Bellevue, Washington",Private,,Y,,,Fathom,LivePlan,Qvinci,Ceterus,Spotlight Reporting,Finagraph,Futrli,Indi Molecular,,,
FILMDOO,filmdoo,2015,2015-05-01,,,,55,filmdoo.com,$427K,$2M,"London, England",Private,,Y,,,IndieFlix,SnagFilms,MUBI,Fandor,Yle,Curzon,Azoomee,Hulu,,,
Dior,christian-dior-couture,1905,1905-01-21,,2017-04-30,lvmh,"145,247",dior.com,,$41.6B,"Paris, Île-de-France",Private,,LVMH group,EPA,CDI,Givenchy,Chico's,Coldwater Creek,ANN,Chanel,Balmain,LV,Balenciaga,,,
Just For Laughs,just-for-laughs,1983,,,,,683,justforlaughs.com,,$30M,"Montreal, Quebec",Private,,ICM Partners,,,TruTV,Comedy Central,Tiger Aspect,SideReel,Channel 5,Ghjokes,all3media international,Channel 4,,,
Time Warner Cable,time-warner-cable,1989,,,2015-05-26,charter-communications,"90,000",timewarnercable.com,,$1.8B,"New York, New York",Private,,"Charter Communications, Inc. /mo/",,,Verizon,DIRECTV,Oi,TIM Celular,RCN,Hawaiian Telcom,Hargray,Cox,,,"Changed name to ""Spectrum"""
21ST CENTURY FOX,21st-century-fox,2013,2013-06-28,,2017-12-14,the-walt-disney-company,"22,400",21cf.com,,$29.2B,"New York, New York",Public,1986-05-30,Walt Disney Co,NASDAQ,FOXA,Viacom,Discovery Communications,Turner,NBCUniversal,Disney–ABC Television Group,NETFLIX,Sony Pictures,CBS CORPORATION,,,
Turner,turner-broadcasting,1970,,,1996-09-23,timewarner,"13,241",turner.com,,$6.9B,"Atlanta, Georgia",Private,,Time Warner,,,Viacom,NBCUniversal,Discovery Communications,Scripps Networks,21ST CENTURY FOX,BBC,The Walt Disney Company,A+E NETWORKS,,,
A+E NETWORKS,a-e-television-networks,1984,1984-02-01,,,,"1,004",aenetworks.com,,$252.7M,"New York, New York",Private,,Y,,,Discovery Communications,Viacom,Turner,NBCUniversal,CBS CORPORATION,21ST CENTURY FOX,BBC,NETFLIX,,,
Hulu,hulu,2007,2007-03-01,,,,525,hulu.com,$683M,$1.7B,"Santa Monica, California",Private,,Walt Disney Co,,,HBO,STARZ,Showtime,YouTube,NETFLIX,CBS interactive,Turner,VUDU,,,
ADT,adt-security,1974,,,2016-02-16,apollo-global-management-llc,"7,000",adt.com,,$3.6B,"Boca Raton, Florida",Public,2018-01-18,"Apollo Global Management, LLC",NYSE,ADT,Tyco,Monitronics,Allegion,Prosegur,AlarmForce,Brink's,Bay Alarm,SimpliSafe,,,
Level 3,level-2,1998,1998-01-05,,2016-10-31,centurylink,"12,300",level3.com,,$1.4B,"Broomfield, Colorado",Public,2011-10-28,"Centurylink, Inc",NYSE,LVLT,EarthLink,COMCAST,Hulu,CABLE ONE,Lightower,Time Warner Cable,Syringa Networks,Rexel,,,
Vonage,vonage,2001,,,,,"1,780",vonage.com,$597M,$1B,"Holmdel, New Jersey",Public,2006-05-24,Y,NYSE,VG,Jive,8x8,RingCentral,Avaya,Mitel,ShoreTel,Touchtone Communications,Nextiva,,,
CABLE ONE,cable-one,1986,,,,,"2,310",cableone.net,,$1B,"Phoenix, Arizona",Public,2015-06-19,Graham Holdings Company,NYSE,CABO,CenturyLink,EarthLink,Verizon,Towerstream,Spectrum,TDS Telecom,Cox Communications,AT&T,,,
Spectrum,time-warner-cable,1993,,,2015-05-26,charter-communications,"94,800",spectrum.com,$2.3B,$42.1B,"Stamford, Connecticut",Public,2007-07-31,Y,NASDAQ,CHTR,Verizon,COMCAST,Hawaiian Telcom,Cox Communications,Verizon Wireless,T-Mobile,AT&T,WOW!,,,
HBO,hbo,1972,1972-01-01,,,,"2,196",hbo.com,,$6B,"New York, New York",Private,,Time Warner,,,Hulu,STARZ,Showtime,CBS interactive,YouTube,Fandor,Vestas,Turner,,,
STARZ,starz,1991,,,2016-06-30,lions-gate-entertainment-corp,772,starz.com,$125M,$1.9B,"Englewood, Colorado",Private,,Lions Gate Entertainment Corp.,,,HBO,Hulu,Showtime,NETFLIX,CBS interactive,YouTube,Turner,Corus Entertainment,,,
Disney–ABC Television Group,disney-abc-television-group,1985,,,,,"8,000",disneyabctv.com,,$1.1B,"Burbank, California",Private,,Disney Media Networks,,,NBCUniversal,Viacom,21ST CENTURY FOX,Turner,Nickelodeon,Discovery Communications,CBS CORPORATION,toonix,,,
NETFLIX,netflix,1997,1997-01-01,,,,"5,500",netflix.com,$3.1B,$13.9B,"Los Gatos, California",Public,2002-05-23,Y,NASDAQ,NFLX,Hulu,HBO,YouTube,VUDU,iN DEMAND,STARZ,Showtime,CBS interactive,,,
SeaWorld Parks & Entertainment,seaworld-parks-entertainment,2009,,,,,"4,900",seaworldentertainment.com,$702M,$1.3B,"Orlando, Florida",Public,2013-04-19,Y,NYSE,SEAS,Cedar Fair,Six Flags,Schlitterbahn,Great Wolf Lodge,Neals Lodges,RBC,,,,,
FREMANTLEMEDIA,freemantle-media,1933,,,,,"1,984",fremantlemedia.com,,$2.2B,"London, England",Private,,RTL Group SA,,,Endemol Shine Group,Keshet,ProSiebenSat.1,Zodiak Media,DynEd,dmg media,BBC,Endemol,,,
Cedar Fair,cedar-fair-entertainment-company,1983,,,,,"2,200",cedarfair.com,,$1.3B,"Sandusky, Ohio",Public,1987-05-01,Y,NYSE,FUN,Six Flags,SeaWorld Parks & Entertainment,Schlitterbahn,Great Wolf Lodge,RBC,Neals Lodges,Ride For Hospice,Credit Suisse,,,
Six Flags,six-flags,1961,,,,,"2,000",sixflags.com,,$1.4B,"Grand Prairie, Texas",Public,1996-06-07,Y,NYSE,SIX,Cedar Fair,SeaWorld Parks & Entertainment,Schlitterbahn,Great Wolf Lodge,RBC,Deutsche Bank,Credit Suisse,Barclays,,,
MPR,,,,,,,,mprd.net,,,,Private,,Y,,,Lam Research,Excelitas Technologies,NeoPhotonics,Coriant,Applied Materials,Zeiss,Tokyo Electron,Finisar,,,No detailed data
Jerry Zhou,,,,,,,,jerryjzhou.com,,,,Private,,Y,,,Jerryarmen,UNIVERSAL,MPR,Sony Pictures,SeaWorld Parks & Entertainment,Cedar Fair,University of Maryland,ZEEL,,,No detailed data
WBAL TV,,1949,1949-03,,,,10,wbaltv.com,,$10M,"Baltimore, Maryland",Private,,Y,,,KOAT,COMCAST SPOTLIGHT,WLKYTV,CUMULUS,CBS CORPORATION,WBAL,THE BALTIMORE SUN MEDIA GROUP,Dex Media,,,No information on Crunchbase
WBAL,,1925,,,,,247,wbal.com,,$43.7M,"Baltimore, Maryland",Private,,Y,,,CUMULUS,CBS CORPORATION,WBAL TV,THE BALTIMORE SUN MEDIA GROUP,Dex Media,FOX45 NEWS,WBIN-TV,AdsInABox,,,No information on Crunchbase
THE BALTIMORE SUN MEDIA GROUP,the-baltimore-sun,1837,1837-05-17,,,,62,baltimoresunmediagroup.com,,$45.8M,"Baltimore, Maryland",Private,,Y,,,CUMULUS,CBS CORPORATION,WBAL TV,WBAL,Dex Media,FOX45 NEWS,WBIN-TV,AdsInABox,,,
Dex Media,dex-media,2013,,,,,"4,500",dexmedia.com,$100.8M,$1.6B,"Dallas, Texas",Public,2004-07-22,Y,NASDAQ,DXM,Hibu,ReachLocal,MatchCraft,Web.com,RevLocal,Yext,Yelp,COMCAST SPOTLIGHT,,,
FOX45 NEWS,,1991,,,,,72,foxbaltimore.com,,$4.3M,"Baltimore, Maryland",Private,,Y,,,CUMULUS,CBS CORPORATION,WBAL TV,WBAL,THE BALTIMORE SUN MEDIA GROUP,Dex Media,WBIN-TV,AdsInABox,,,No information on Crunchbase
WBIN-TV,,,,,,,49,wbintv.com,,$4.9M,"Derry, New Hampshire",Private,,Y,,,COMCAST SPOTLIGHT,CBS CORPORATION,CUMULUS,WMUR-TV,WBAL TV,WBAL,THE BALTIMORE SUN MEDIA GROUP,Dex Media,,,No information on Crunchbase
IDG,idg-communications-3,1964,,,,,"14,092",idg.com,,$3.8B,"Boston, Massachusetts",Private,,China Oceanwide Holdings Group,,,Gartner,Kantar,Nielsen Holdings,GfK,Ipsos,IRi,IRI Consulting,ComScore,,,
G & G Fitness Equipment,,,,,,,70,livefit.com,,$14M,"Buffalo, New York",Private,,Y,,,FOX,CNN,CBS CORPORATION,MTV,VH1,CBS,St. Joe,NBCUniversal,,,No information on Crunchbase
MTV,mtv-networks,1984,,,1985-08-27,viacom,10,mtv.com,,$19.1M,"New York, New York",Private,,Viacom Media Networks,,,FOX,Cartoon Network,SoundHound,VH1,Content Dope,CBS CORPORATION,CNN,Chegg,,,
VH1,vh1,1985,,,,,10,vh1.com,,$7.9M,"New York, New York",Product/Brand/Service,,Viacom,,,FOX,MTV,CBS CORPORATION,CNN,Kevin Ozebek,G & G Fitness Equipment,CBS,News Corp,,,
CBS,cbs,1986,1986-01-01,,,,162,cbs.com,,$44.5M,"New York, New York",Product/Brand/Service,,Y,,,FOX,CNN,CBS CORPORATION,FOX31,WXYZ,9NEWS,El Nuevo Diario,7NEWS,,,
The Walt Disney Studios,walt-disney-studios,1950,1950-06,,,,335,waltdisneystudios.com,,$80.9M,"Burbank, California",Private,,The Walt Disney Company,,,DreamWorks,Cartoon Network,WARNER BROS.,GetInterviews,Stargate,IMDb,Paramount Pictures,Nickelodeon,,,
Paramount Pictures,paramount-pictures,1912,1912-05-08,,1993-03,viacom,"1,371",paramount.com,,$1.8B,"Los Angeles, California",Private,,"Viacom, Inc.",,,WARNER BROS.,Sony Pictures,Lions Gate,Rumpus Room Productions,The Walt Disney Company,The Walt Disney Studios,Lucasfilm,CBS CORPORATION,,,
DreamWorks,dreamworks-animation,1994,,,2016-04-28,nbcuniversal,"2,300",dreamworksanimation.com,$812M,$989.9M,"Glendale, California",Public,2004-10-28,"NBCUniversal, Inc.",,,TATA Elxsi,Reliance MediaWorks,PVR,INOX,Cinepolis India,Zaxel,Motionwerx,Belknap,,,
DEEZER,deezer,2006,2006-08-01,,,,327,deezer.com,$531.8M,$400M,"Paris, Île-de-France",Private,,Y,,,TIDAL,8tracks,TUNEIN,ScatterRadio,GUVERA,Spotify,Napster,Pandora,,,
eLocal.com,elocal-usa,2007,,,,,7,elocal.com,$25M,,"Dresher, Pennsylvania",Private,,Y,,,Yodle,Yellowbook,Townsquare,Service Direct,Hibu,Ring Partner,Entercom,iHeartMEDIAINC,,,
Spotify,spotify,2006,2006-07-14,,,,"2,960",spotify.com,$11.3B,$5.6B,"Stockholm, Stockholms län",Public,2018-04-03,Y,NYSE,SPOT,DEEZER,Pandora,SiriusXM,TIDAL,8tracks,Napster,TUNEIN,ScatterRadio,,,
WBT,,,,,,,53,wbt.com,,$3.9M,"Charlotte, North Carolina",Private,,Y,,,iHeartRADIO,Beasley Broadcast Group,Townsquare,Entercom,Pandora,Clashcorp,LIVE365,TUNEIN,,,No information on Crunchbase
Napster,napster,1999,1999-06-01,,2012-01-26,rhapsody,281,napster.com,$15M,$500M,"Seattle, Washington",Private,,Y,,,DEEZER,Pandora,Spotify,TIDAL,8tracks,SiriusXM,TUNEIN,ScatterRadio,,,
TIDAL,,2014,,,,,305,tidal.com,,$20M,"Malmo, Skåne län",Private,,Aspiro AB,,,DEEZER,8tracks,SoundCloud,Spotify,TUNEIN,Napster,ScatterRadio,GUVERA,,,No information on Crunchbase
8tracks,8tracks,2008,2008-08-08,,,,27,8tracks.com,$7.7M,$5.9M,"San Francisco, California",Private,,Y,,,Slacker,TUNEIN,iHeartRADIO,LIVE365,Discogs,Pandora,96.9 WOUR,Today's 101.1 More FM,,,
GUVERA,guvera,2008,,2017-05-15,,,50,guvera.com,$130.4M,$5M,"Gold Coast, Queensland",Private,,Y,,,DEEZER,Spotify,Pandora,SiriusXM,8tracks,TIDAL,Napster,TUNEIN,,,
SEAGATE,seagate,1979,,,,,"43,000",seagate.com,$870M,$10.8B,"Cupertino, California",Public,2002-12-11,Y,NASDAQ,STX,Western Digital,NetApp,TOSHIBA,SAMSUNG,Axcient,Tegile,SONY,Barracuda,,,
TOSHIBA,toshiba,1875,,,,,"187,809",toshiba.co.jp,$6B,$40.7B,"Minato-ku, Tokyo Prefecture",Public,1999-05-14,Y,TYO,6502,HTC,SONY,SAMSUNG,Apple,LG,Mitsubishi Electric,Western Digital,Motorola,,,
TOYOTA,toyota,1937,1937-08-28,,,,"369,124",toyota-global.com,$243.6M,$470.2B,"Toyota City, Aichi Prefecture",Public,1978-01-13,Y,NYSE,TM,HONDA,NISSAN,Ford,Volkswagen AG,General Motors,Hyundai,Tata Motors,BMW Group,,,
Ford,ford,1903,1903-06-16,,,,"202,000",ford.com,$756M,$158.7B,"Dearborn, Michigan",Public,1978-01-13,Y,NYSE,F,HONDA,TOYOTA,NISSAN,Volkswagen AG,General Motors,Hyundai,Volkswagen,Chevrolet,,,
HONDA,honda-automobiles,1948,,,,,"215,638",honda.com,,$138.9B,"Minato-ku, Tokyo Prefecture",Public,2012-05-21,Y,TYO,7267,TOYOTA,NISSAN,Ford,Volkswagen,General Motors,Volkswagen AG,Hyundai,Briggs & Stratton,,,
Volkswagen,volkswagen-group,1937,,,,,"2,900",vw.com,,$586M,"Auburn Hills, Michigan",Private,,Volkswagen Aktiengesellschaft,ETR,VOW,HONDA,NISSAN,TOYOTA,Ford,General Motors,Peugeot,Toyota Motor Sales,Chrysler,,,
NISSAN,nissan-motor,1933,1933-12-26,,,,"152,421",nissan-global.com,,$106.1B,"Yokohama-shi, Kanagawa Prefecture",Public,,Y,TYO,7201,Hyundai,Acura,HONDA,SAIC Motor,Ambal Auto,Wattstor,Volkswagen AG,Peugeot,,,
GM,general-motors,1908,,,,,"190,000",gm.com,$15.8B,$105.9B,"Detroit, Michigan",Public,2010-11-26,Y,NYSE,GM,HONDA,NISSAN,TOYOTA,Volkswagen AG,Ford,Hyundai,Chevrolet,Dodge,,,
ScatterRadio,,2009,,2017-06-08,,,10,scatterradio.com,,,"San Francisco, California",Private,,Y,,,TUNEIN,DEEZER,Radionomy,96.9 WOUR,Play It,8tracks,TIDAL,GUVERA,,,No information on Crunchbase
Radionomy,radionomy,2007,2007-09-24,,2015-12-18,vivendiuniversal,40,radionomygroup.com,$6M,$4.9M,"New York, New York",Private,,Vivendi SA,,,TUNEIN,Earbits,ScatterRadio,You42,iHeartRADIO,Base,LIVE365,DEEZER,,,
96.9 WOUR,wour-fm,1969,,,2018-02-15,townsquare-media,170,wour.com,,$12M,"New Hartford, New York",Private,,"Townsquare Media, Inc.",,,8tracks,TUNEIN,LIVE365,Radionomy,Slacker,iHeartRADIO,ScatterRadio,DSL Radio,,,
Earbits,earbits,2010,2010-01-20,,2014-06-19,you42,32,earbits.com,$630K,$4M,"Venice, California",Private,,You42,,,Radionomy,TUNEIN,ScatterRadio,iHeartRADIO,Sci Fi Generation,CEC,LIVE365,Pandora,,,
DSL Radio,,,,,,,4,dslradio.us,,$291.6K,"Brooklyn, New York",Private,,Y,,,Sceptreradionetwork,Lazer Broadcasting,MMP,G & E Studio,Kid Red Radio,Streema,Radioliveonair,Harout Pamboukjian,,,No information on Crunchbase
Web-Radio,,1995,,,,,25,web-radio.com,,$1.1M,,Private,,Y,,,DSL Radio,Sceptreradionetwork,mxdwn,LIVE365,MMP,Kid Red Radio,G & E Studio,Radioliveonair,,,No information on Crunchbase
Radioliveonair,,,,,,,,live-onradio.com,,,,Private,,Y,,,G & E Studio,LIVE365,Web-Radio,DSL Radio,Sceptreradionetwork,MMP,Kid Red Radio,Lazer Broadcasting,,,No information on Crunchbase
MMP,,,,,,,,knookmedia.com,,,,Private,,Y,,,DSL Radio,Web-Radio,G & E Studio,Sceptreradionetwork,LIVE365,Radioliveonair,Kid Red Radio,Lazer Broadcasting,,,No information on Crunchbase
SALEM MEDIA GROUP,salem-media-group,1986,,,,,"1,590",salemmedia.com,,$69.4M,"Camarillo, California",Public,1999-07-09,Y,NASDAQ,SALM,SiriusXM,Clipix,CBS RADIO,Pandora,iBiquity Digital,Emmis,Pocket,Entercom,,,
Saga,saga-communications,1986,,,,,683,sagacom.com,,$114.7M,"Grosse Pointe Farms, Michigan",Public,2003-01-10,Y,,,Entercom,CBS RADIO,Emmis,SiriusXM,Townsquare,Pandora,iHeartMEDIAINC,iHeartRADIO,,,
Journal Media Group,journal-media-group,2014,,,2015-10-07,gannett,"3,400",journalmediagroup.com,$258.8M,$441M,"Milwaukee, Wisconsin",Public,,Tegna Inc,NYSE,JMG,SCRIPPS,LEE ENTERPRISES,McCLATCHY,A.H. BELO CORPORATION,COX Media,The New York Times,GateHouse Media,HEARST,,,
Tronc,the-tribune-company,1847,1847-10-10,,,,"6,458",tronc.com,,$2.3B,"Chicago, Illinois",Public,2014-07-25,Y,NASDAQ,TRNC,GANNETT,The New York Times,McCLATCHY,The Washington Post,THE WALL STREET JOURNAL,News Corp,SCRIPPS,HEARST,,,
GateHouse Media,gatehouse-media-inc,2006,,,,,"4,131",gatehousemedia.com,$248.4M,$504M,"Pittsford, New York",Private,,Y,,,The New York Times,SCRIPPS,McCLATCHY,Salesforce,LEE ENTERPRISES,GANNETT,Oracle,SAP,,,
MECCOM,,1981,,,,,191,meccomindustrial.com,,$44.2M,"Clinton Township, Michigan",Private,,Y,,,Royal Rubber,WARCO,Artemis Rubber Technology,Wttool,Toolmax Industrial Supply,Gcomx,Hall Industrial Publicity,,,,No information on Crunchbase
PennWell,pennwell-corporation,1910,,,2018-04-03,clarion-events,550,pennwell.com,,$170M,"Tulsa, Oklahoma",Private,,Clarion Events Limited,,,CRAIN,BNP media,1105 MEDIA,Argus,Hart Energy,Penton,Greentech Media,Pv Magazine,,,
IMS Cloud,,2008,2008-12,,,,10,imscloud.com,,,"Redwood City, California",Private,,Y,,,ACCESS INTELLIGENCE,Fletcher/CSI,Geoblink,CRAIN,Aurora WDC,Proactive,Maia Strategy,Cipher,,,No information on Crunchbase
1105 MEDIA,1105-media-inc,2006,,,,,163,1105media.com,,$50M,"Chatsworth, California",Private,,Y,,,TrustRadius,Lattice,MarketOne,Software Advice,G2 Crowd,Capterra,IT Central Station,Trustpilot,,,
QUESTEX,questex,2005,,,2014-09-17,shamrock-capital-advisors,225,questex.com,,$27.5M,"Auburndale, Massachusetts",Private,,"Shamrock Capital Advisors, LLC",,,Haymarket,Alpha Grid,Phocus Wright,WATT Global Media,Cox Media Group,Journal Multimedia,NEWS CYCLE,Tilling Productions,,,
CAREERBUILDER,careerbuilder-com,1995,,,2017-06-19,apollo-global-management-llc,"2,488",careerbuilder.com,,$349.8M,"Chicago, Illinois",Private,,Apollo Global Management LLC,,,ZipRecruiter,indeed,Jobs2Careers,Dice,Glassdoor,MONSTER,LinkedIn,HIRED,,,
Glassdoor,glassdoor,2007,2007-06,,2018-05-08,recruit-holdings-3,135,glassdoor.com,$201.6M,$100M,"Mill Valley, California",Private,,"Recruit Holdings Co., Ltd.",,,Microsoft,SAP,SAMSUNG,IBM,Apple,Oracle,HP,SONY,,,
ZipRecruiter,ziprecruiter,2010,2010-03-01,,,,479,ziprecruiter.com,$113M,$50M,"Santa Monica, California",Private,,Y,,,MONSTER,Glassdoor,JobScore,Dice,indeed,LinkedIn,CAREERBUILDER,Buzz Vertical,,,
indeed,indeed,2004,2004-11-01,,2012-10-01,recruit,"2,176",indeed.com,$5M,$747.5M,"Austin, Texas",Private,,Recruit Co. Ltd,,,ZipRecruiter,Dice,CAREERBUILDER,Glassdoor,Jobs2Careers,Naukri,Randstad,LinkedIn,,,
MONSTER,monster,1994,,,2016-08-08,randstad,"5,000",monster.com,$67.2M,$666.9M,"Weston, Massachusetts",Private,,RandstadUSA,,,ZipRecruiter,indeed,Dice,Glassdoor,CAREERBUILDER,Jobs2Careers,Naukri,JobScore,,,
HIRED,hired,2012,2012-05-01,,,,216,hired.com,$132.7M,$10M,"San Francisco, California",Private,,Y,,,ZipRecruiter,Glassdoor,Simply Hired,Jobr,Jobs2Careers,Betts Recruiting,RecruitLoop,PiQube,,,
Dice,dice-com,1990,,,,,320,dice.com,,$200M,"New York, New York",Private,,"Dice Holdings, Inc.",,,Kforce,Modis,Randstad,Addeco,Recruit,Insight Global,Staffmark,DISYS,,,
Simply Hired,simply-hired,2004,2004-05-01,,2016-07-01,recruit,150,simplyhired.com,$33.1M,$30M,"Mountain View, California",Private,,"Recruit Holdings Co.,Ltd.",,,Propellum,ZipRecruiter,MONSTER,Glassdoor,JobScore,Dice,LinkedIn,indeed,,,
Facebook,facebook,2004,2004-02-04,,,,"25,105",facebook.com,$2.3B,$48.5B,"Menlo Park, California",Public,2012-05-18,Y,NASDAQ,FB,Google,Microsoft,Apple,Twitter,Pinterest,YouTube,LinkedIn,Snap Inc.,,,